[
  {
    "cex": "MEXC",
    "symbol_in": "AIDOGE",
    "sc_in": "0x09E18590E8f76b6Cf471b3cd75fE1A1a9D2B2c2b",
    "des_in": 6,
    "symbol_out": "USDT",
    "sc_out": "0xFd086bC7CD5C481DCC9C85ebE478A1C0b69FCbb9",
    "des_out": 6,
    "status": "TRUE"
  },
  {
    "cex": "GATE",
    "symbol_in": "AIDOGE",
    "sc_in": "0x09E18590E8f76b6Cf471b3cd75fE1A1a9D2B2c2b",
    "des_in": 6,
    "symbol_out": "USDT",
    "sc_out": "0xFd086bC7CD5C481DCC9C85ebE478A1C0b69FCbb9",
    "des_out": 6,
    "status": "TRUE"
  },
  {
    "cex": "GATE",
    "symbol_in": "AIRDROP",
    "sc_in": "0xdc5F1BF636DcAdaE7e285A484Dc71A1F5adeE0A1",
    "des_in": 18,
    "symbol_out": "USDT",
    "sc_out": "0xFd086bC7CD5C481DCC9C85ebE478A1C0b69FCbb9",
    "des_out": 6,
    "status": "TRUE"
  },
  {
    "cex": "GATE",
    "symbol_in": "APTR",
    "sc_in": "0x1C986661170c1834db49C3830130D4038eEeb866",
    "des_in": 6,
    "symbol_out": "USDT",
    "sc_out": "0xFd086bC7CD5C481DCC9C85ebE478A1C0b69FCbb9",
    "des_out": 6,
    "status": "TRUE"
  },
  {
    "cex": "GATE",
    "symbol_in": "AARK",
    "sc_in": "0xCa4e51F6AD4AFd9d1068E5899De9dd7d73F3463D",
    "des_in": 18,
    "symbol_out": "USDT",
    "sc_out": "0xFd086bC7CD5C481DCC9C85ebE478A1C0b69FCbb9",
    "des_out": 6,
    "status": "TRUE"
  },
  {
    "cex": "GATE",
    "symbol_in": "IXORA",
    "sc_in": "0x99110990b602def65deb578a55f43793b4894a0a",
    "des_in": 18,
    "symbol_out": "USDT",
    "sc_out": "0xFd086bC7CD5C481DCC9C85ebE478A1C0b69FCbb9",
    "des_out": 6,
    "status": "TRUE"
  },
  {
    "cex": "MEXC",
    "symbol_in": "IXORA",
    "sc_in": "0x99110990B602DEF65dEB578A55f43793B4894A0a",
    "des_in": 18,
    "symbol_out": "USDT",
    "sc_out": "0xFd086bC7CD5C481DCC9C85ebE478A1C0b69FCbb9",
    "des_out": 6,
    "status": "TRUE"
  },
  {
    "cex": "MEXC",
    "symbol_in": "HIPPOP",
    "sc_in": "0xa0995d43901551601060447f9aBf93ebc277cEC2",
    "des_in": 18,
    "symbol_out": "USDT",
    "sc_out": "0xFd086bC7CD5C481DCC9C85ebE478A1C0b69FCbb9",
    "des_out": 6,
    "status": "TRUE"
  },
  {
    "cex": "KUCOIN",
    "symbol_in": "RCADE",
    "sc_in": "0x077574441c4f8763a37a2cfee2ecb444aa60a15e",
    "des_in": 18,
    "symbol_out": "USDT",
    "sc_out": "0xFd086bC7CD5C481DCC9C85ebE478A1C0b69FCbb9",
    "des_out": 6,
    "status": "TRUE"
  },
  {
    "cex": "MEXC",
    "symbol_in": "RCADE",
    "sc_in": "0x077574441C4F8763a37a2cFeE2ECb444aA60A15e",
    "des_in": 18,
    "symbol_out": "USDT",
    "sc_out": "0xFd086bC7CD5C481DCC9C85ebE478A1C0b69FCbb9",
    "des_out": 6,
    "status": "TRUE"
  },
  {
    "cex": "GATE",
    "symbol_in": "RCADE",
    "sc_in": "0x077574441c4f8763a37a2cfee2ecb444aa60a15e",
    "des_in": 18,
    "symbol_out": "USDT",
    "sc_out": "0xFd086bC7CD5C481DCC9C85ebE478A1C0b69FCbb9",
    "des_out": 6,
    "status": "TRUE"
  },
  {
    "cex": "KUCOIN",
    "symbol_in": "SLING",
    "sc_in": "0x5f8a7c646511a790c53f171891e5d469ca884ede",
    "des_in": 18,
    "symbol_out": "USDT",
    "sc_out": "0xFd086bC7CD5C481DCC9C85ebE478A1C0b69FCbb9",
    "des_out": 6,
    "status": "TRUE"
  },
  {
    "cex": "GATE",
    "symbol_in": "G7",
    "sc_in": "0xf18e4466f26b4ca55bbab890b314a54976e45b17",
    "des_in": 18,
    "symbol_out": "USDT",
    "sc_out": "0xFd086bC7CD5C481DCC9C85ebE478A1C0b69FCbb9",
    "des_out": 6,
    "status": "TRUE"
  },
  {
    "cex": "BYBIT",
    "symbol_in": "G7",
    "sc_in": "0xF18e4466F26B4cA55bbAb890b314a54976E45B17",
    "des_in": 18,
    "symbol_out": "USDT",
    "sc_out": "0xFd086bC7CD5C481DCC9C85ebE478A1C0b69FCbb9",
    "des_out": 6,
    "status": "TRUE"
  },
  {
    "cex": "KUCOIN",
    "symbol_in": "VEMP",
    "sc_in": "0xaf7e3f16d747e77e927dc94287f86eb95a64d83d",
    "des_in": 18,
    "symbol_out": "USDT",
    "sc_out": "0xFd086bC7CD5C481DCC9C85ebE478A1C0b69FCbb9",
    "des_out": 6,
    "status": "TRUE"
  },
  {
    "cex": "GATE",
    "symbol_in": "VEMP",
    "sc_in": "0xaf7e3f16d747e77e927dc94287f86eb95a64d83d",
    "des_in": 18,
    "symbol_out": "USDT",
    "sc_out": "0xFd086bC7CD5C481DCC9C85ebE478A1C0b69FCbb9",
    "des_out": 6,
    "status": "TRUE"
  },
  {
    "cex": "GATE",
    "symbol_in": "CBL",
    "sc_in": "0xd6b3d81868770083307840f513a3491960b95cb6",
    "des_in": 18,
    "symbol_out": "USDT",
    "sc_out": "0xFd086bC7CD5C481DCC9C85ebE478A1C0b69FCbb9",
    "des_out": 6,
    "status": "TRUE"
  },
  {
    "cex": "GATE",
    "symbol_in": "FOREX",
    "sc_in": "0xDb298285FE4C5410B05390cA80e8Fbe9DE1F259B",
    "des_in": 18,
    "symbol_out": "USDT",
    "sc_out": "0xFd086bC7CD5C481DCC9C85ebE478A1C0b69FCbb9",
    "des_out": 6,
    "status": "TRUE"
  },
  {
    "cex": "KUCOIN",
    "symbol_in": "MOZ",
    "sc_in": "0xe16e2548a576ad448fb014bbe85284d7f3542df5",
    "des_in": 18,
    "symbol_out": "USDT",
    "sc_out": "0xFd086bC7CD5C481DCC9C85ebE478A1C0b69FCbb9",
    "des_out": 6,
    "status": "TRUE"
  },
  {
    "cex": "BYBIT",
    "symbol_in": "MOZ",
    "sc_in": "0xE16e2548A576ad448FB014bBE85284D7f3542dF5",
    "des_in": 18,
    "symbol_out": "USDT",
    "sc_out": "0xFd086bC7CD5C481DCC9C85ebE478A1C0b69FCbb9",
    "des_out": 6,
    "status": "TRUE"
  },
  {
    "cex": "GATE",
    "symbol_in": "MOZ",
    "sc_in": "0xe16e2548a576ad448fb014bbe85284d7f3542df5",
    "des_in": 18,
    "symbol_out": "USDT",
    "sc_out": "0xFd086bC7CD5C481DCC9C85ebE478A1C0b69FCbb9",
    "des_out": 6,
    "status": "TRUE"
  },
  {
    "cex": "GATE",
    "symbol_in": "BDG",
    "sc_in": "0x56264286b18903889d03de41cf6acfab1fe1defc",
    "des_in": 6,
    "symbol_out": "USDT",
    "sc_out": "0xFd086bC7CD5C481DCC9C85ebE478A1C0b69FCbb9",
    "des_out": 6,
    "status": "TRUE"
  },
  {
    "cex": "GATE",
    "symbol_in": "EMC",
    "sc_in": "0xDFB8BE6F8c87f74295A87de951974362CedCFA30",
    "des_in": 18,
    "symbol_out": "USDT",
    "sc_out": "0xFd086bC7CD5C481DCC9C85ebE478A1C0b69FCbb9",
    "des_out": 6,
    "status": "TRUE"
  },
  {
    "cex": "GATE",
    "symbol_in": "ZTX",
    "sc_in": "0x1C43D05be7E5b54D506e3DdB6f0305e8A66CD04e",
    "des_in": 18,
    "symbol_out": "USDT",
    "sc_out": "0xFd086bC7CD5C481DCC9C85ebE478A1C0b69FCbb9",
    "des_out": 6,
    "status": "TRUE"
  },
  {
    "cex": "BYBIT",
    "symbol_in": "ZTX",
    "sc_in": "0x1C43D05be7E5b54D506e3DdB6f0305e8A66CD04e",
    "des_in": 18,
    "symbol_out": "USDT",
    "sc_out": "0xFd086bC7CD5C481DCC9C85ebE478A1C0b69FCbb9",
    "des_out": 6,
    "status": "TRUE"
  },
  {
    "cex": "KUCOIN",
    "symbol_in": "G7",
    "sc_in": "0xf18e4466f26b4ca55bbab890b314a54976e45b17",
    "des_in": 18,
    "symbol_out": "USDT",
    "sc_out": "0xFd086bC7CD5C481DCC9C85ebE478A1C0b69FCbb9",
    "des_out": 6,
    "status": "TRUE"
  },
  {
    "cex": "GATE",
    "symbol_in": "NEXD",
    "sc_in": "0x3858567501fbf030bd859ee831610fcc710319f4",
    "des_in": 18,
    "symbol_out": "USDT",
    "sc_out": "0xFd086bC7CD5C481DCC9C85ebE478A1C0b69FCbb9",
    "des_out": 6,
    "status": "TRUE"
  },
  {
    "cex": "MEXC",
    "symbol_in": "AZEN",
    "sc_in": "0x8A23fa9Ca68226a1ea9FB2Df42b9E87a1728381E",
    "des_in": 18,
    "symbol_out": "USDT",
    "sc_out": "0xFd086bC7CD5C481DCC9C85ebE478A1C0b69FCbb9",
    "des_out": 6,
    "status": "TRUE"
  },
  {
    "cex": "GATE",
    "symbol_in": "PSI",
    "sc_in": "0x602Eb0D99A5e3e76D1510372C4d2020e12EaEa8a",
    "des_in": 9,
    "symbol_out": "USDT",
    "sc_out": "0xFd086bC7CD5C481DCC9C85ebE478A1C0b69FCbb9",
    "des_out": 6,
    "status": "TRUE"
  },
  {
    "cex": "GATE",
    "symbol_in": "EYWA",
    "sc_in": "0x7a10f506e4c7658e6ad15fdf0443d450b7fa80d7",
    "des_in": 18,
    "symbol_out": "USDT",
    "sc_out": "0xFd086bC7CD5C481DCC9C85ebE478A1C0b69FCbb9",
    "des_out": 6,
    "status": "TRUE"
  },
  {
    "cex": "KUCOIN",
    "symbol_in": "EYWA",
    "sc_in": "0x7a10f506e4c7658e6ad15fdf0443d450b7fa80d7",
    "des_in": 18,
    "symbol_out": "USDT",
    "sc_out": "0xFd086bC7CD5C481DCC9C85ebE478A1C0b69FCbb9",
    "des_out": 6,
    "status": "TRUE"
  },
  {
    "cex": "MEXC",
    "symbol_in": "STAR",
    "sc_in": "0xB299751B088336E165dA313c33e3195B8c6663A6",
    "des_in": 18,
    "symbol_out": "USDT",
    "sc_out": "0xFd086bC7CD5C481DCC9C85ebE478A1C0b69FCbb9",
    "des_out": 6,
    "status": "TRUE"
  },
  {
    "cex": "GATE",
    "symbol_in": "STARHEROES",
    "sc_in": "0xB299751B088336E165dA313c33e3195B8c6663A6",
    "des_in": 18,
    "symbol_out": "USDT",
    "sc_out": "0xFd086bC7CD5C481DCC9C85ebE478A1C0b69FCbb9",
    "des_out": 6,
    "status": "TRUE"
  },
  {
    "cex": "BYBIT",
    "symbol_in": "G3",
    "sc_in": "0xc24A365A870821EB83Fd216c9596eDD89479d8d7",
    "des_in": 18,
    "symbol_out": "USDT",
    "sc_out": "0xFd086bC7CD5C481DCC9C85ebE478A1C0b69FCbb9",
    "des_out": 6,
    "status": "TRUE"
  },
  {
    "cex": "KUCOIN",
    "symbol_in": "G3",
    "sc_in": "0xc24a365a870821eb83fd216c9596edd89479d8d7",
    "des_in": 18,
    "symbol_out": "USDT",
    "sc_out": "0xFd086bC7CD5C481DCC9C85ebE478A1C0b69FCbb9",
    "des_out": 6,
    "status": "TRUE"
  },
  {
    "cex": "GATE",
    "symbol_in": "G3",
    "sc_in": "0xc24A365A870821EB83Fd216c9596eDD89479d8d7",
    "des_in": 18,
    "symbol_out": "USDT",
    "sc_out": "0xFd086bC7CD5C481DCC9C85ebE478A1C0b69FCbb9",
    "des_out": 6,
    "status": "TRUE"
  },
  {
    "cex": "KUCOIN",
    "symbol_in": "LOGX",
    "sc_in": "0x59062301fb510f4ea2417b67404cb16d31e604ba",
    "des_in": 18,
    "symbol_out": "USDT",
    "sc_out": "0xFd086bC7CD5C481DCC9C85ebE478A1C0b69FCbb9",
    "des_out": 6,
    "status": "TRUE"
  },
  {
    "cex": "GATE",
    "symbol_in": "LOGX",
    "sc_in": "0x59062301Fb510F4ea2417B67404CB16D31E604BA",
    "des_in": 18,
    "symbol_out": "USDT",
    "sc_out": "0xFd086bC7CD5C481DCC9C85ebE478A1C0b69FCbb9",
    "des_out": 6,
    "status": "TRUE"
  },
  {
    "cex": "GATE",
    "symbol_in": "BRI",
    "sc_in": "0x51F6EE60108CBCB3b613093BD3F224cB49Aa1610",
    "des_in": 9,
    "symbol_out": "USDT",
    "sc_out": "0xFd086bC7CD5C481DCC9C85ebE478A1C0b69FCbb9",
    "des_out": 6,
    "status": "TRUE"
  },
  {
    "cex": "GATE",
    "symbol_in": "AMS",
    "sc_in": "0x41e7D39DD8D1De42EfA6e9B98402e05F5C2D12f8",
    "des_in": 18,
    "symbol_out": "USDT",
    "sc_out": "0xFd086bC7CD5C481DCC9C85ebE478A1C0b69FCbb9",
    "des_out": 6,
    "status": "TRUE"
  },
  {
    "cex": "KUCOIN",
    "symbol_in": "VRTX",
    "sc_in": "0x95146881b86b3ee99e63705ec87afe29fcc044d9",
    "des_in": 18,
    "symbol_out": "USDT",
    "sc_out": "0xFd086bC7CD5C481DCC9C85ebE478A1C0b69FCbb9",
    "des_out": 6,
    "status": "TRUE"
  },
  {
    "cex": "KUCOIN",
    "symbol_in": "OBT",
    "sc_in": "0x1cd9a56c8c2ea913c70319a44da75e99255aa46f",
    "des_in": 18,
    "symbol_out": "USDT",
    "sc_out": "0xFd086bC7CD5C481DCC9C85ebE478A1C0b69FCbb9",
    "des_out": 6,
    "status": "TRUE"
  },
  {
    "cex": "MEXC",
    "symbol_in": "OBT",
    "sc_in": "0x1CD9a56c8C2eA913c70319A44Da75e99255aa46f",
    "des_in": 18,
    "symbol_out": "USDT",
    "sc_out": "0xFd086bC7CD5C481DCC9C85ebE478A1C0b69FCbb9",
    "des_out": 6,
    "status": "TRUE"
  },
  {
    "cex": "BYBIT",
    "symbol_in": "OBT",
    "sc_in": "0x1CD9a56c8C2eA913c70319A44Da75e99255aa46f",
    "des_in": 18,
    "symbol_out": "USDT",
    "sc_out": "0xFd086bC7CD5C481DCC9C85ebE478A1C0b69FCbb9",
    "des_out": 6,
    "status": "TRUE"
  },
  {
    "cex": "GATE",
    "symbol_in": "OBT",
    "sc_in": "0x1cd9a56c8c2ea913c70319a44da75e99255aa46f",
    "des_in": 18,
    "symbol_out": "USDT",
    "sc_out": "0xFd086bC7CD5C481DCC9C85ebE478A1C0b69FCbb9",
    "des_out": 6,
    "status": "TRUE"
  },
  {
    "cex": "BYBIT",
    "symbol_in": "GSWIFT",
    "sc_in": "0x580E933D90091b9cE380740E3a4A39c67eB85B4c",
    "des_in": 18,
    "symbol_out": "USDT",
    "sc_out": "0xFd086bC7CD5C481DCC9C85ebE478A1C0b69FCbb9",
    "des_out": 6,
    "status": "TRUE"
  },
  {
    "cex": "MEXC",
    "symbol_in": "GSWIFT",
    "sc_in": "0x580E933D90091b9cE380740E3a4A39c67eB85B4c",
    "des_in": 18,
    "symbol_out": "USDT",
    "sc_out": "0xFd086bC7CD5C481DCC9C85ebE478A1C0b69FCbb9",
    "des_out": 6,
    "status": "TRUE"
  },
  {
    "cex": "BYBIT",
    "symbol_in": "AFG",
    "sc_in": "0x619C82392cb6E41778b7d088860Fea8447941f4c",
    "des_in": 18,
    "symbol_out": "USDT",
    "sc_out": "0xFd086bC7CD5C481DCC9C85ebE478A1C0b69FCbb9",
    "des_out": 6,
    "status": "TRUE"
  },
  {
    "cex": "KUCOIN",
    "symbol_in": "AFG",
    "sc_in": "0x619c82392cb6e41778b7d088860fea8447941f4c",
    "des_in": 18,
    "symbol_out": "USDT",
    "sc_out": "0xFd086bC7CD5C481DCC9C85ebE478A1C0b69FCbb9",
    "des_out": 6,
    "status": "TRUE"
  },
  {
    "cex": "MEXC",
    "symbol_in": "WINR",
    "sc_in": "0xD77B108d4f6cefaa0Cae9506A934e825BEccA46E",
    "des_in": 18,
    "symbol_out": "USDT",
    "sc_out": "0xFd086bC7CD5C481DCC9C85ebE478A1C0b69FCbb9",
    "des_out": 6,
    "status": "TRUE"
  },
  {
    "cex": "BINANCE",
    "symbol_in": "POND",
    "sc_in": "0xda0a57b710768ae17941a9fa33f8b720c8bd9ddd",
    "des_in": 18,
    "symbol_out": "USDT",
    "sc_out": "0xFd086bC7CD5C481DCC9C85ebE478A1C0b69FCbb9",
    "des_out": 6,
    "status": "TRUE"
  },
  {
    "cex": "MEXC",
    "symbol_in": "SPA",
    "sc_in": "0x5575552988A3A80504bBaeB1311674fCFd40aD4B",
    "des_in": 18,
    "symbol_out": "USDT",
    "sc_out": "0xFd086bC7CD5C481DCC9C85ebE478A1C0b69FCbb9",
    "des_out": 6,
    "status": "TRUE"
  },
  {
    "cex": "GATE",
    "symbol_in": "SPA",
    "sc_in": "0x5575552988A3A80504bBaeB1311674fCFd40aD4B",
    "des_in": 18,
    "symbol_out": "USDT",
    "sc_out": "0xFd086bC7CD5C481DCC9C85ebE478A1C0b69FCbb9",
    "des_out": 6,
    "status": "TRUE"
  },
  {
    "cex": "KUCOIN",
    "symbol_in": "SPA",
    "sc_in": "0x5575552988a3a80504bbaeb1311674fcfd40ad4b",
    "des_in": 18,
    "symbol_out": "USDT",
    "sc_out": "0xFd086bC7CD5C481DCC9C85ebE478A1C0b69FCbb9",
    "des_out": 6,
    "status": "TRUE"
  },
  {
    "cex": "GATE",
    "symbol_in": "BLADE",
    "sc_in": "0xe8b201be5357c07f0aa58693f98fb048323777f9",
    "des_in": 18,
    "symbol_out": "USDT",
    "sc_out": "0xFd086bC7CD5C481DCC9C85ebE478A1C0b69FCbb9",
    "des_out": 6,
    "status": "TRUE"
  },
  {
    "cex": "MEXC",
    "symbol_in": "STBU",
    "sc_in": "0x1cb9bD2c6E7F4A7DE3778547d46C8D4c22abC093",
    "des_in": 18,
    "symbol_out": "USDT",
    "sc_out": "0xFd086bC7CD5C481DCC9C85ebE478A1C0b69FCbb9",
    "des_out": 6,
    "status": "TRUE"
  },
  {
    "cex": "MEXC",
    "symbol_in": "AIPO",
    "sc_in": "0x6c511dc18572d31C2c3f7b1505cB2BBC08282FcC",
    "des_in": 18,
    "symbol_out": "USDT",
    "sc_out": "0xFd086bC7CD5C481DCC9C85ebE478A1C0b69FCbb9",
    "des_out": 6,
    "status": "TRUE"
  },
  {
    "cex": "GATE",
    "symbol_in": "ANIME",
    "sc_in": "0x37a645648df29205c6261289983fb04ecd70b4b3",
    "des_in": 18,
    "symbol_out": "USDT",
    "sc_out": "0xFd086bC7CD5C481DCC9C85ebE478A1C0b69FCbb9",
    "des_out": 6,
    "status": "TRUE"
  },
  {
    "cex": "BINANCE",
    "symbol_in": "ANIME",
    "sc_in": "0x37a645648df29205c6261289983fb04ecd70b4b3",
    "des_in": 18,
    "symbol_out": "USDT",
    "sc_out": "0xFd086bC7CD5C481DCC9C85ebE478A1C0b69FCbb9",
    "des_out": 6,
    "status": "TRUE"
  },
  {
    "cex": "MEXC",
    "symbol_in": "ANIME",
    "sc_in": "0x37a645648dF29205C6261289983FB04ECD70b4B3",
    "des_in": 18,
    "symbol_out": "USDT",
    "sc_out": "0xFd086bC7CD5C481DCC9C85ebE478A1C0b69FCbb9",
    "des_out": 6,
    "status": "TRUE"
  },
  {
    "cex": "KUCOIN",
    "symbol_in": "ANIME",
    "sc_in": "0x37a645648df29205c6261289983fb04ecd70b4b3",
    "des_in": 18,
    "symbol_out": "USDT",
    "sc_out": "0xFd086bC7CD5C481DCC9C85ebE478A1C0b69FCbb9",
    "des_out": 6,
    "status": "TRUE"
  },
  {
    "cex": "BYBIT",
    "symbol_in": "ANIME",
    "sc_in": "0x37a645648dF29205C6261289983FB04ECD70b4B3",
    "des_in": 18,
    "symbol_out": "USDT",
    "sc_out": "0xFd086bC7CD5C481DCC9C85ebE478A1C0b69FCbb9",
    "des_out": 6,
    "status": "TRUE"
  },
  {
    "cex": "MEXC",
    "symbol_in": "PEAR",
    "sc_in": "0x3212dc0F8c834e4DE893532d27CC9B6001684DB0",
    "des_in": 18,
    "symbol_out": "USDT",
    "sc_out": "0xFd086bC7CD5C481DCC9C85ebE478A1C0b69FCbb9",
    "des_out": 6,
    "status": "TRUE"
  },
  {
    "cex": "MEXC",
    "symbol_in": "QTLX",
    "sc_in": "0x4D840b741bc05FDE325D4Ec0B4CFCD0CeA237e4E",
    "des_in": 18,
    "symbol_out": "USDT",
    "sc_out": "0xFd086bC7CD5C481DCC9C85ebE478A1C0b69FCbb9",
    "des_out": 6,
    "status": "TRUE"
  },
  {
    "cex": "GATE",
    "symbol_in": "XRWA",
    "sc_in": "0x3096e7BFd0878Cc65be71f8899Bc4CFB57187Ba3",
    "des_in": 18,
    "symbol_out": "USDT",
    "sc_out": "0xFd086bC7CD5C481DCC9C85ebE478A1C0b69FCbb9",
    "des_out": 6,
    "status": "TRUE"
  },
  {
    "cex": "GATE",
    "symbol_in": "RDNT",
    "sc_in": "0x3082cc23568ea640225c2467653db90e9250aaa0",
    "des_in": 18,
    "symbol_out": "USDT",
    "sc_out": "0xFd086bC7CD5C481DCC9C85ebE478A1C0b69FCbb9",
    "des_out": 6,
    "status": "TRUE"
  },
  {
    "cex": "BINANCE",
    "symbol_in": "RDNT",
    "sc_in": "0x3082cc23568ea640225c2467653db90e9250aaa0",
    "des_in": 18,
    "symbol_out": "USDT",
    "sc_out": "0xFd086bC7CD5C481DCC9C85ebE478A1C0b69FCbb9",
    "des_out": 6,
    "status": "TRUE"
  },
  {
    "cex": "MEXC",
    "symbol_in": "RDNT",
    "sc_in": "0x3082CC23568eA640225c2467653dB90e9250AaA0",
    "des_in": 18,
    "symbol_out": "USDT",
    "sc_out": "0xFd086bC7CD5C481DCC9C85ebE478A1C0b69FCbb9",
    "des_out": 6,
    "status": "TRUE"
  },
  {
    "cex": "BYBIT",
    "symbol_in": "RDNT",
    "sc_in": "0x3082cc23568ea640225c2467653db90e9250aaa0",
    "des_in": 18,
    "symbol_out": "USDT",
    "sc_out": "0xFd086bC7CD5C481DCC9C85ebE478A1C0b69FCbb9",
    "des_out": 6,
    "status": "TRUE"
  },
  {
    "cex": "KUCOIN",
    "symbol_in": "RDNT",
    "sc_in": "0x3082cc23568ea640225c2467653db90e9250aaa0",
    "des_in": 18,
    "symbol_out": "USDT",
    "sc_out": "0xFd086bC7CD5C481DCC9C85ebE478A1C0b69FCbb9",
    "des_out": 6,
    "status": "TRUE"
  },
  {
    "cex": "KUCOIN",
    "symbol_in": "TRUF",
    "sc_in": "0xb59c8912c83157a955f9d715e556257f432c35d7",
    "des_in": 18,
    "symbol_out": "USDT",
    "sc_out": "0xFd086bC7CD5C481DCC9C85ebE478A1C0b69FCbb9",
    "des_out": 6,
    "status": "TRUE"
  },
  {
    "cex": "GATE",
    "symbol_in": "TRUF",
    "sc_in": "0xB59c8912c83157a955f9D715E556257F432C35D7",
    "des_in": 18,
    "symbol_out": "USDT",
    "sc_out": "0xFd086bC7CD5C481DCC9C85ebE478A1C0b69FCbb9",
    "des_out": 6,
    "status": "TRUE"
  },
  {
    "cex": "MEXC",
    "symbol_in": "TRN",
    "sc_in": "0x1114982539A2Bfb84e8B9e4e320bbC04532a9e44",
    "des_in": 18,
    "symbol_out": "USDT",
    "sc_out": "0xFd086bC7CD5C481DCC9C85ebE478A1C0b69FCbb9",
    "des_out": 6,
    "status": "TRUE"
  },
  {
    "cex": "KUCOIN",
    "symbol_in": "TRN",
    "sc_in": "0x1114982539a2bfb84e8b9e4e320bbc04532a9e44",
    "des_in": 18,
    "symbol_out": "USDT",
    "sc_out": "0xFd086bC7CD5C481DCC9C85ebE478A1C0b69FCbb9",
    "des_out": 6,
    "status": "TRUE"
  },
  {
    "cex": "GATE",
    "symbol_in": "ARW",
    "sc_in": "0x747952a59292a9b3862f3c59664b95e8b461ef45",
    "des_in": 18,
    "symbol_out": "USDT",
    "sc_out": "0xFd086bC7CD5C481DCC9C85ebE478A1C0b69FCbb9",
    "des_out": 6,
    "status": "TRUE"
  },
  {
    "cex": "KUCOIN",
    "symbol_in": "NRN",
    "sc_in": "0xdadeca1167fe47499e53eb50f261103630974905",
    "des_in": 18,
    "symbol_out": "USDT",
    "sc_out": "0xFd086bC7CD5C481DCC9C85ebE478A1C0b69FCbb9",
    "des_out": 6,
    "status": "TRUE"
  },
  {
    "cex": "BYBIT",
    "symbol_in": "NRN",
    "sc_in": "0xdadeca1167fe47499e53Eb50F261103630974905",
    "des_in": 18,
    "symbol_out": "USDT",
    "sc_out": "0xFd086bC7CD5C481DCC9C85ebE478A1C0b69FCbb9",
    "des_out": 6,
    "status": "TRUE"
  },
  {
    "cex": "MEXC",
    "symbol_in": "NRN",
    "sc_in": "0xdadeca1167fe47499e53Eb50F261103630974905",
    "des_in": 18,
    "symbol_out": "USDT",
    "sc_out": "0xFd086bC7CD5C481DCC9C85ebE478A1C0b69FCbb9",
    "des_out": 6,
    "status": "TRUE"
  },
  {
    "cex": "GATE",
    "symbol_in": "NRN",
    "sc_in": "0xdadeca1167fe47499e53Eb50F261103630974905",
    "des_in": 18,
    "symbol_out": "USDT",
    "sc_out": "0xFd086bC7CD5C481DCC9C85ebE478A1C0b69FCbb9",
    "des_out": 6,
    "status": "TRUE"
  },
  {
    "cex": "GATE",
    "symbol_in": "CATCH",
    "sc_in": "0xbC4c97Fb9befaa8B41448e1dFcC5236dA543217F",
    "des_in": 18,
    "symbol_out": "USDT",
    "sc_out": "0xFd086bC7CD5C481DCC9C85ebE478A1C0b69FCbb9",
    "des_out": 6,
    "status": "TRUE"
  },
  {
    "cex": "MEXC",
    "symbol_in": "CATCH",
    "sc_in": "0xbC4c97Fb9befaa8B41448e1dFcC5236dA543217F",
    "des_in": 18,
    "symbol_out": "USDT",
    "sc_out": "0xFd086bC7CD5C481DCC9C85ebE478A1C0b69FCbb9",
    "des_out": 6,
    "status": "TRUE"
  },
  {
    "cex": "GATE",
    "symbol_in": "OPUL",
    "sc_in": "0x0c5fa0E07949F941A6c2C29a008252db1527d6EE",
    "des_in": 18,
    "symbol_out": "USDT",
    "sc_out": "0xFd086bC7CD5C481DCC9C85ebE478A1C0b69FCbb9",
    "des_out": 6,
    "status": "TRUE"
  },
  {
    "cex": "GATE",
    "symbol_in": "KNJ",
    "sc_in": "0xfbbb21d8e7A461f06e5E27efD69703aCB5C732A8",
    "des_in": 18,
    "symbol_out": "USDT",
    "sc_out": "0xFd086bC7CD5C481DCC9C85ebE478A1C0b69FCbb9",
    "des_out": 6,
    "status": "TRUE"
  },
  {
    "cex": "MEXC",
    "symbol_in": "HDN",
    "sc_in": "0xB0F66Bdb39acBb043308eb9Dbe78F5bB47ea5430",
    "des_in": 18,
    "symbol_out": "USDT",
    "sc_out": "0xFd086bC7CD5C481DCC9C85ebE478A1C0b69FCbb9",
    "des_out": 6,
    "status": "TRUE"
  },
  {
    "cex": "GATE",
    "symbol_in": "SKATE",
    "sc_in": "0x61dbbbb552dc893ab3aad09f289f811e67cef285",
    "des_in": 18,
    "symbol_out": "USDT",
    "sc_out": "0xFd086bC7CD5C481DCC9C85ebE478A1C0b69FCbb9",
    "des_out": 6,
    "status": "TRUE"
  },
  {
    "cex": "MEXC",
    "symbol_in": "SKATE",
    "sc_in": "0x61DBbBb552dc893ab3aAd09F289f811E67cEf285",
    "des_in": 18,
    "symbol_out": "USDT",
    "sc_out": "0xFd086bC7CD5C481DCC9C85ebE478A1C0b69FCbb9",
    "des_out": 6,
    "status": "TRUE"
  },
  {
    "cex": "BINANCE",
    "symbol_in": "DODO",
    "sc_in": "0x69eb4fa4a2fbd498c257c57ea8b7655a2559a581",
    "des_in": 18,
    "symbol_out": "USDT",
    "sc_out": "0xFd086bC7CD5C481DCC9C85ebE478A1C0b69FCbb9",
    "des_out": 6,
    "status": "TRUE"
  },
  {
    "cex": "BINANCE",
    "symbol_in": "XAI",
    "sc_in": "0x4cb9a7ae498cedcbb5eae9f25736ae7d428c9d66",
    "des_in": 18,
    "symbol_out": "USDT",
    "sc_out": "0xFd086bC7CD5C481DCC9C85ebE478A1C0b69FCbb9",
    "des_out": 6,
    "status": "TRUE"
  },
  {
    "cex": "MEXC",
    "symbol_in": "XAI",
    "sc_in": "0x4Cb9a7AE498CEDcBb5EAe9f25736aE7d428C9D66",
    "des_in": 18,
    "symbol_out": "USDT",
    "sc_out": "0xFd086bC7CD5C481DCC9C85ebE478A1C0b69FCbb9",
    "des_out": 6,
    "status": "TRUE"
  },
  {
    "cex": "GATE",
    "symbol_in": "XAI",
    "sc_in": "0x4Cb9a7AE498CEDcBb5EAe9f25736aE7d428C9D66",
    "des_in": 18,
    "symbol_out": "USDT",
    "sc_out": "0xFd086bC7CD5C481DCC9C85ebE478A1C0b69FCbb9",
    "des_out": 6,
    "status": "TRUE"
  },
  {
    "cex": "BYBIT",
    "symbol_in": "XAI",
    "sc_in": "0x4Cb9a7AE498CEDcBb5EAe9f25736aE7d428C9D66",
    "des_in": 18,
    "symbol_out": "USDT",
    "sc_out": "0xFd086bC7CD5C481DCC9C85ebE478A1C0b69FCbb9",
    "des_out": 6,
    "status": "TRUE"
  },
  {
    "cex": "KUCOIN",
    "symbol_in": "XAI",
    "sc_in": "0x4cb9a7ae498cedcbb5eae9f25736ae7d428c9d66",
    "des_in": 18,
    "symbol_out": "USDT",
    "sc_out": "0xFd086bC7CD5C481DCC9C85ebE478A1C0b69FCbb9",
    "des_out": 6,
    "status": "TRUE"
  },
  {
    "cex": "MEXC",
    "symbol_in": "LAVA",
    "sc_in": "0x11e969e9B3f89cB16D686a03Cd8508C9fC0361AF",
    "des_in": 6,
    "symbol_out": "USDT",
    "sc_out": "0xFd086bC7CD5C481DCC9C85ebE478A1C0b69FCbb9",
    "des_out": 6,
    "status": "TRUE"
  },
  {
    "cex": "GATE",
    "symbol_in": "LAVA",
    "sc_in": "0x11e969e9b3f89cb16d686a03cd8508c9fc0361af",
    "des_in": 6,
    "symbol_out": "USDT",
    "sc_out": "0xFd086bC7CD5C481DCC9C85ebE478A1C0b69FCbb9",
    "des_out": 6,
    "status": "TRUE"
  },
  {
    "cex": "BYBIT",
    "symbol_in": "LAVA",
    "sc_in": "0x11e969e9B3f89cB16D686a03Cd8508C9fC0361AF",
    "des_in": 6,
    "symbol_out": "USDT",
    "sc_out": "0xFd086bC7CD5C481DCC9C85ebE478A1C0b69FCbb9",
    "des_out": 6,
    "status": "TRUE"
  },
  {
    "cex": "KUCOIN",
    "symbol_in": "LAVA",
    "sc_in": "0x11e969e9b3f89cb16d686a03cd8508c9fc0361af",
    "des_in": 6,
    "symbol_out": "USDT",
    "sc_out": "0xFd086bC7CD5C481DCC9C85ebE478A1C0b69FCbb9",
    "des_out": 6,
    "status": "TRUE"
  },
  {
    "cex": "MEXC",
    "symbol_in": "AUTONOMI",
    "sc_in": "0xa78d8321B20c4Ef90eCd72f2588AA985A4BDb684",
    "des_in": 18,
    "symbol_out": "USDT",
    "sc_out": "0xFd086bC7CD5C481DCC9C85ebE478A1C0b69FCbb9",
    "des_out": 6,
    "status": "TRUE"
  },
  {
    "cex": "BINANCE",
    "symbol_in": "WOO",
    "sc_in": "0xcafcd85d8ca7ad1e1c6f82f651fa15e33aefd07b",
    "des_in": 18,
    "symbol_out": "USDT",
    "sc_out": "0xFd086bC7CD5C481DCC9C85ebE478A1C0b69FCbb9",
    "des_out": 6,
    "status": "TRUE"
  },
  {
    "cex": "MEXC",
    "symbol_in": "KIMA",
    "sc_in": "0x94fCD9c18f99538C0f7C61c5500cA79F0D5C4dab",
    "des_in": 18,
    "symbol_out": "USDT",
    "sc_out": "0xFd086bC7CD5C481DCC9C85ebE478A1C0b69FCbb9",
    "des_out": 6,
    "status": "TRUE"
  },
  {
    "cex": "GATE",
    "symbol_in": "KIMA",
    "sc_in": "0x94fcd9c18f99538c0f7c61c5500ca79f0d5c4dab",
    "des_in": 18,
    "symbol_out": "USDT",
    "sc_out": "0xFd086bC7CD5C481DCC9C85ebE478A1C0b69FCbb9",
    "des_out": 6,
    "status": "TRUE"
  },
  {
    "cex": "KUCOIN",
    "symbol_in": "KIMA",
    "sc_in": "0x94fcd9c18f99538c0f7c61c5500ca79f0d5c4dab",
    "des_in": 18,
    "symbol_out": "USDT",
    "sc_out": "0xFd086bC7CD5C481DCC9C85ebE478A1C0b69FCbb9",
    "des_out": 6,
    "status": "TRUE"
  },
  {
    "cex": "BINANCE",
    "symbol_in": "MAV",
    "sc_in": "0x7448c7456a97769f6cd04f1e83a4a23ccdc46abd",
    "des_in": 18,
    "symbol_out": "USDT",
    "sc_out": "0xFd086bC7CD5C481DCC9C85ebE478A1C0b69FCbb9",
    "des_out": 6,
    "status": "TRUE"
  },
  {
    "cex": "KUCOIN",
    "symbol_in": "SQD",
    "sc_in": "0x1337420ded5adb9980cfc35f8f2b054ea86f8ab1",
    "des_in": 18,
    "symbol_out": "USDT",
    "sc_out": "0xFd086bC7CD5C481DCC9C85ebE478A1C0b69FCbb9",
    "des_out": 6,
    "status": "TRUE"
  },
  {
    "cex": "MEXC",
    "symbol_in": "SQD",
    "sc_in": "0x1337420dED5ADb9980CFc35f8f2B054ea86f8aB1",
    "des_in": 18,
    "symbol_out": "USDT",
    "sc_out": "0xFd086bC7CD5C481DCC9C85ebE478A1C0b69FCbb9",
    "des_out": 6,
    "status": "TRUE"
  },
  {
    "cex": "GATE",
    "symbol_in": "SQD",
    "sc_in": "0x1337420dED5ADb9980CFc35f8f2B054ea86f8aB1",
    "des_in": 18,
    "symbol_out": "USDT",
    "sc_out": "0xFd086bC7CD5C481DCC9C85ebE478A1C0b69FCbb9",
    "des_out": 6,
    "status": "TRUE"
  },
  {
    "cex": "BYBIT",
    "symbol_in": "SQD",
    "sc_in": "0x1337420dED5ADb9980CFc35f8f2B054ea86f8aB1",
    "des_in": 18,
    "symbol_out": "USDT",
    "sc_out": "0xFd086bC7CD5C481DCC9C85ebE478A1C0b69FCbb9",
    "des_out": 6,
    "status": "TRUE"
  },
  {
    "cex": "BINANCE",
    "symbol_in": "GRT",
    "sc_in": "0x9623063377ad1b27544c965ccd7342f7ea7e88c7",
    "des_in": 18,
    "symbol_out": "USDT",
    "sc_out": "0xFd086bC7CD5C481DCC9C85ebE478A1C0b69FCbb9",
    "des_out": 6,
    "status": "TRUE"
  },
  {
    "cex": "GATE",
    "symbol_in": "GRT",
    "sc_in": "0x9623063377AD1B27544C965cCd7342f7EA7e88C7",
    "des_in": 18,
    "symbol_out": "USDT",
    "sc_out": "0xFd086bC7CD5C481DCC9C85ebE478A1C0b69FCbb9",
    "des_out": 6,
    "status": "TRUE"
  },
  {
    "cex": "KUCOIN",
    "symbol_in": "GRT",
    "sc_in": "0x9623063377ad1b27544c965ccd7342f7ea7e88c7",
    "des_in": 18,
    "symbol_out": "USDT",
    "sc_out": "0xFd086bC7CD5C481DCC9C85ebE478A1C0b69FCbb9",
    "des_out": 6,
    "status": "TRUE"
  },
  {
    "cex": "BINANCE",
    "symbol_in": "HFT",
    "sc_in": "0x835bfe0ac8ea77f22e13795a49054ab2d6699982",
    "des_in": 18,
    "symbol_out": "USDT",
    "sc_out": "0xFd086bC7CD5C481DCC9C85ebE478A1C0b69FCbb9",
    "des_out": 6,
    "status": "TRUE"
  },
  {
    "cex": "MEXC",
    "symbol_in": "MOON",
    "sc_in": "0x0057Ac2d777797d31CD3f8f13bF5e927571D6Ad0",
    "des_in": "",
    "symbol_out": "USDT",
    "sc_out": "0xFd086bC7CD5C481DCC9C85ebE478A1C0b69FCbb9",
    "des_out": 6,
    "status": "TRUE"
  },
  {
    "cex": "GATE",
    "symbol_in": "WXM",
    "sc_in": "0xB6093B61544572Ab42A0E43AF08aBaFD41bf25A6",
    "des_in": 18,
    "symbol_out": "USDT",
    "sc_out": "0xFd086bC7CD5C481DCC9C85ebE478A1C0b69FCbb9",
    "des_out": 6,
    "status": "TRUE"
  },
  {
    "cex": "GATE",
    "symbol_in": "AMC",
    "sc_in": "0x299142a6370e1912156E53fBD4f25D7ba49DdcC5",
    "des_in": 18,
    "symbol_out": "USDT",
    "sc_out": "0xFd086bC7CD5C481DCC9C85ebE478A1C0b69FCbb9",
    "des_out": 6,
    "status": "TRUE"
  },
  {
    "cex": "BINANCE",
    "symbol_in": "SYN",
    "sc_in": "0x080f6aed32fc474dd5717105dba5ea57268f46eb",
    "des_in": 18,
    "symbol_out": "USDT",
    "sc_out": "0xFd086bC7CD5C481DCC9C85ebE478A1C0b69FCbb9",
    "des_out": 6,
    "status": "TRUE"
  },
  {
    "cex": "MEXC",
    "symbol_in": "MLK",
    "sc_in": "0x374c5FB7979d5fDBAAd2d95409e235e5CBdfD43C",
    "des_in": 8,
    "symbol_out": "USDT",
    "sc_out": "0xFd086bC7CD5C481DCC9C85ebE478A1C0b69FCbb9",
    "des_out": 6,
    "status": "TRUE"
  },
  {
    "cex": "MEXC",
    "symbol_in": "ACX",
    "sc_in": "0x53691596d1BCe8CEa565b84d4915e69e03d9C99d",
    "des_in": 18,
    "symbol_out": "USDT",
    "sc_out": "0xFd086bC7CD5C481DCC9C85ebE478A1C0b69FCbb9",
    "des_out": 6,
    "status": "TRUE"
  },
  {
    "cex": "GATE",
    "symbol_in": "ACX",
    "sc_in": "0x53691596d1BCe8CEa565b84d4915e69e03d9C99d",
    "des_in": 18,
    "symbol_out": "USDT",
    "sc_out": "0xFd086bC7CD5C481DCC9C85ebE478A1C0b69FCbb9",
    "des_out": 6,
    "status": "TRUE"
  },
  {
    "cex": "KUCOIN",
    "symbol_in": "MLK",
    "sc_in": "0x374c5fb7979d5fdbaad2d95409e235e5cbdfd43c",
    "des_in": 8,
    "symbol_out": "USDT",
    "sc_out": "0xFd086bC7CD5C481DCC9C85ebE478A1C0b69FCbb9",
    "des_out": 6,
    "status": "TRUE"
  },
  {
    "cex": "GATE",
    "symbol_in": "MLK",
    "sc_in": "0x374c5fb7979d5fdbaad2d95409e235e5cbdfd43c",
    "des_in": 8,
    "symbol_out": "USDT",
    "sc_out": "0xFd086bC7CD5C481DCC9C85ebE478A1C0b69FCbb9",
    "des_out": 6,
    "status": "TRUE"
  },
  {
    "cex": "GATE",
    "symbol_in": "GO4",
    "sc_in": "0x85b7fa2a3cfe5ed48b619ec967750462a1fd9557",
    "des_in": 18,
    "symbol_out": "USDT",
    "sc_out": "0xFd086bC7CD5C481DCC9C85ebE478A1C0b69FCbb9",
    "des_out": 6,
    "status": "TRUE"
  },
  {
    "cex": "BINANCE",
    "symbol_in": "STG",
    "sc_in": "0x6694340fc020c5e6b96567843da2df01b2ce1eb6",
    "des_in": 18,
    "symbol_out": "USDT",
    "sc_out": "0xFd086bC7CD5C481DCC9C85ebE478A1C0b69FCbb9",
    "des_out": 6,
    "status": "TRUE"
  },
  {
    "cex": "BINANCE",
    "symbol_in": "JOE",
    "sc_in": "0x371c7ec6d8039ff7933a2aa28eb827ffe1f52f07",
    "des_in": 18,
    "symbol_out": "USDT",
    "sc_out": "0xFd086bC7CD5C481DCC9C85ebE478A1C0b69FCbb9",
    "des_out": 6,
    "status": "TRUE"
  },
  {
    "cex": "BINANCE",
    "symbol_in": "KERNEL",
    "sc_in": "0x6e401189c8a68d05562c9bab7f674f910821eacf",
    "des_in": 18,
    "symbol_out": "USDT",
    "sc_out": "0xFd086bC7CD5C481DCC9C85ebE478A1C0b69FCbb9",
    "des_out": 6,
    "status": "TRUE"
  },
  {
    "cex": "MEXC",
    "symbol_in": "KERNEL",
    "sc_in": "0x6E401189c8A68D05562c9Bab7f674f910821EAcF",
    "des_in": 18,
    "symbol_out": "USDT",
    "sc_out": "0xFd086bC7CD5C481DCC9C85ebE478A1C0b69FCbb9",
    "des_out": 6,
    "status": "TRUE"
  },
  {
    "cex": "BINANCE",
    "symbol_in": "DOLO",
    "sc_in": "0x0f81001ef0a83ecce5ccebf63eb302c70a39a654",
    "des_in": 18,
    "symbol_out": "USDT",
    "sc_out": "0xFd086bC7CD5C481DCC9C85ebE478A1C0b69FCbb9",
    "des_out": 6,
    "status": "TRUE"
  },
  {
    "cex": "BINANCE",
    "symbol_in": "MAGIC",
    "sc_in": "0x539bde0d7dbd336b79148aa742883198bbf60342",
    "des_in": 18,
    "symbol_out": "USDT",
    "sc_out": "0xFd086bC7CD5C481DCC9C85ebE478A1C0b69FCbb9",
    "des_out": 6,
    "status": "TRUE"
  },
  {
    "cex": "GATE",
    "symbol_in": "MAGIC",
    "sc_in": "0x539bdE0d7Dbd336b79148AA742883198BBF60342",
    "des_in": 18,
    "symbol_out": "USDT",
    "sc_out": "0xFd086bC7CD5C481DCC9C85ebE478A1C0b69FCbb9",
    "des_out": 6,
    "status": "TRUE"
  },
  {
    "cex": "MEXC",
    "symbol_in": "MAGIC",
    "sc_in": "0x539bdE0d7Dbd336b79148AA742883198BBF60342",
    "des_in": 18,
    "symbol_out": "USDT",
    "sc_out": "0xFd086bC7CD5C481DCC9C85ebE478A1C0b69FCbb9",
    "des_out": 6,
    "status": "TRUE"
  },
  {
    "cex": "BYBIT",
    "symbol_in": "MAGIC",
    "sc_in": "0x539bdE0d7Dbd336b79148AA742883198BBF60342",
    "des_in": 18,
    "symbol_out": "USDT",
    "sc_out": "0xFd086bC7CD5C481DCC9C85ebE478A1C0b69FCbb9",
    "des_out": 6,
    "status": "TRUE"
  },
  {
    "cex": "KUCOIN",
    "symbol_in": "MAGIC",
    "sc_in": "0x539bde0d7dbd336b79148aa742883198bbf60342",
    "des_in": 18,
    "symbol_out": "USDT",
    "sc_out": "0xFd086bC7CD5C481DCC9C85ebE478A1C0b69FCbb9",
    "des_out": 6,
    "status": "TRUE"
  },
  {
    "cex": "BYBIT",
    "symbol_in": "APEX",
    "sc_in": "0x61A1ff55C5216b636a294A07D77C6F4Df10d3B56",
    "des_in": 18,
    "symbol_out": "USDT",
    "sc_out": "0xFd086bC7CD5C481DCC9C85ebE478A1C0b69FCbb9",
    "des_out": 6,
    "status": "TRUE"
  },
  {
    "cex": "KUCOIN",
    "symbol_in": "PERP",
    "sc_in": "0x753d224bcf9aafacd81558c32341416df61d3dac",
    "des_in": 18,
    "symbol_out": "USDT",
    "sc_out": "0xFd086bC7CD5C481DCC9C85ebE478A1C0b69FCbb9",
    "des_out": 6,
    "status": "TRUE"
  },
  {
    "cex": "KUCOIN",
    "symbol_in": "CARV",
    "sc_in": "0xc08cd26474722ce93f4d0c34d16201461c10aa8c",
    "des_in": 18,
    "symbol_out": "USDT",
    "sc_out": "0xFd086bC7CD5C481DCC9C85ebE478A1C0b69FCbb9",
    "des_out": 6,
    "status": "TRUE"
  },
  {
    "cex": "BINANCE",
    "symbol_in": "AXL",
    "sc_in": "0x23ee2343b892b1bb63503a4fabc840e0e2c6810f",
    "des_in": 6,
    "symbol_out": "USDT",
    "sc_out": "0xFd086bC7CD5C481DCC9C85ebE478A1C0b69FCbb9",
    "des_out": 6,
    "status": "TRUE"
  },
  {
    "cex": "GATE",
    "symbol_in": "WAXL",
    "sc_in": "0x23ee2343B892b1BB63503a4FAbc840E0e2C6810f",
    "des_in": 6,
    "symbol_out": "USDT",
    "sc_out": "0xFd086bC7CD5C481DCC9C85ebE478A1C0b69FCbb9",
    "des_out": 6,
    "status": "TRUE"
  },
  {
    "cex": "BINANCE",
    "symbol_in": "HYPER",
    "sc_in": "0xc9d23ed2adb0f551369946bd377f8644ce1ca5c4",
    "des_in": 18,
    "symbol_out": "USDT",
    "sc_out": "0xFd086bC7CD5C481DCC9C85ebE478A1C0b69FCbb9",
    "des_out": 6,
    "status": "TRUE"
  },
  {
    "cex": "MEXC",
    "symbol_in": "UXLINK",
    "sc_in": "0x1A6B3A62391ECcaaa992ade44cd4AFe6bEC8CfF1",
    "des_in": 18,
    "symbol_out": "USDT",
    "sc_out": "0xFd086bC7CD5C481DCC9C85ebE478A1C0b69FCbb9",
    "des_out": 6,
    "status": "TRUE"
  },
  {
    "cex": "KUCOIN",
    "symbol_in": "UXLINK",
    "sc_in": "0x1a6b3a62391eccaaa992ade44cd4afe6bec8cff1",
    "des_in": 18,
    "symbol_out": "USDT",
    "sc_out": "0xFd086bC7CD5C481DCC9C85ebE478A1C0b69FCbb9",
    "des_out": 6,
    "status": "TRUE"
  },
  {
    "cex": "GATE",
    "symbol_in": "UXLINK",
    "sc_in": "0x1A6B3A62391ECcaaa992ade44cd4AFe6bEC8CfF1",
    "des_in": 18,
    "symbol_out": "USDT",
    "sc_out": "0xFd086bC7CD5C481DCC9C85ebE478A1C0b69FCbb9",
    "des_out": 6,
    "status": "TRUE"
  },
  {
    "cex": "BYBIT",
    "symbol_in": "UXLINK",
    "sc_in": "0x1A6B3A62391ECcaaa992ade44cd4AFe6bEC8CfF1",
    "des_in": 18,
    "symbol_out": "USDT",
    "sc_out": "0xFd086bC7CD5C481DCC9C85ebE478A1C0b69FCbb9",
    "des_out": 6,
    "status": "TRUE"
  },
  {
    "cex": "GATE",
    "symbol_in": "ARB",
    "sc_in": "0x912CE59144191C1204E64559FE8253a0e49E6548",
    "des_in": 18,
    "symbol_out": "USDT",
    "sc_out": "0xFd086bC7CD5C481DCC9C85ebE478A1C0b69FCbb9",
    "des_out": 6,
    "status": "TRUE"
  },
  {
    "cex": "KUCOIN",
    "symbol_in": "ARB",
    "sc_in": "0x912ce59144191c1204e64559fe8253a0e49e6548",
    "des_in": 18,
    "symbol_out": "USDT",
    "sc_out": "0xFd086bC7CD5C481DCC9C85ebE478A1C0b69FCbb9",
    "des_out": 6,
    "status": "TRUE"
  },
  {
    "cex": "BINANCE",
    "symbol_in": "ARB",
    "sc_in": "0x912ce59144191c1204e64559fe8253a0e49e6548",
    "des_in": 18,
    "symbol_out": "USDT",
    "sc_out": "0xFd086bC7CD5C481DCC9C85ebE478A1C0b69FCbb9",
    "des_out": 6,
    "status": "TRUE"
  },
  {
    "cex": "BYBIT",
    "symbol_in": "ARB",
    "sc_in": "0x912CE59144191C1204E64559FE8253a0e49E6548",
    "des_in": 18,
    "symbol_out": "USDT",
    "sc_out": "0xFd086bC7CD5C481DCC9C85ebE478A1C0b69FCbb9",
    "des_out": 6,
    "status": "TRUE"
  },
  {
    "cex": "MEXC",
    "symbol_in": "ARB",
    "sc_in": "0x912CE59144191C1204E64559FE8253a0e49E6548",
    "des_in": 18,
    "symbol_out": "USDT",
    "sc_out": "0xFd086bC7CD5C481DCC9C85ebE478A1C0b69FCbb9",
    "des_out": 6,
    "status": "TRUE"
  },
  {
    "cex": "MEXC",
    "symbol_in": "TRT",
    "sc_in": "0x63db244bC895b3AcCEC6698cE11b0dbD1d3e1C44",
    "des_in": 18,
    "symbol_out": "USDT",
    "sc_out": "0xFd086bC7CD5C481DCC9C85ebE478A1C0b69FCbb9",
    "des_out": 6,
    "status": "TRUE"
  },
  {
    "cex": "BYBIT",
    "symbol_in": "EGP 1.00",
    "sc_in": "0x7E7a7C916c19a45769f6BDAF91087f93c6C12F78",
    "des_in": 18,
    "symbol_out": "USDT",
    "sc_out": "0xFd086bC7CD5C481DCC9C85ebE478A1C0b69FCbb9",
    "des_out": 6,
    "status": "TRUE"
  },
  {
    "cex": "KUCOIN",
    "symbol_in": "EGP",
    "sc_in": "0x7e7a7c916c19a45769f6bdaf91087f93c6c12f78",
    "des_in": 18,
    "symbol_out": "USDT",
    "sc_out": "0xFd086bC7CD5C481DCC9C85ebE478A1C0b69FCbb9",
    "des_out": 6,
    "status": "TRUE"
  },
  {
    "cex": "GATE",
    "symbol_in": "EGP",
    "sc_in": "0x7E7a7C916c19a45769f6BDAF91087f93c6C12F78",
    "des_in": 18,
    "symbol_out": "USDT",
    "sc_out": "0xFd086bC7CD5C481DCC9C85ebE478A1C0b69FCbb9",
    "des_out": 6,
    "status": "TRUE"
  },
  {
    "cex": "BINANCE",
    "symbol_in": "CRV",
    "sc_in": "0x11cdb42b0eb46d95f990bedd4695a6e3fa034978",
    "des_in": 18,
    "symbol_out": "USDT",
    "sc_out": "0xFd086bC7CD5C481DCC9C85ebE478A1C0b69FCbb9",
    "des_out": 6,
    "status": "TRUE"
  },
  {
    "cex": "KUCOIN",
    "symbol_in": "USDC",
    "sc_in": "0xaf88d065e77c8cc2239327c5edb3a432268e5831",
    "des_in": 6,
    "symbol_out": "USDT",
    "sc_out": "0xFd086bC7CD5C481DCC9C85ebE478A1C0b69FCbb9",
    "des_out": 6,
    "status": "TRUE"
  },
  {
    "cex": "BINANCE",
    "symbol_in": "USDC",
    "sc_in": "0xaf88d065e77c8cc2239327c5edb3a432268e5831",
    "des_in": 6,
    "symbol_out": "USDT",
    "sc_out": "0xFd086bC7CD5C481DCC9C85ebE478A1C0b69FCbb9",
    "des_out": 6,
    "status": "TRUE"
  },
  {
    "cex": "MEXC",
    "symbol_in": "USDC",
    "sc_in": "0xaf88d065e77c8cC2239327C5EDb3A432268e5831",
    "des_in": 6,
    "symbol_out": "USDT",
    "sc_out": "0xFd086bC7CD5C481DCC9C85ebE478A1C0b69FCbb9",
    "des_out": 6,
    "status": "TRUE"
  },
  {
    "cex": "BYBIT",
    "symbol_in": "USDC",
    "sc_in": "0xaf88d065e77c8cC2239327C5EDb3A432268e5831",
    "des_in": 6,
    "symbol_out": "USDT",
    "sc_out": "0xFd086bC7CD5C481DCC9C85ebE478A1C0b69FCbb9",
    "des_out": 6,
    "status": "TRUE"
  },
  {
    "cex": "GATE",
    "symbol_in": "USDC",
    "sc_in": "0xaf88d065e77c8cc2239327c5edb3a432268e5831",
    "des_in": 6,
    "symbol_out": "USDT",
    "sc_out": "0xFd086bC7CD5C481DCC9C85ebE478A1C0b69FCbb9",
    "des_out": 6,
    "status": "TRUE"
  },
  {
    "cex": "BINANCE",
    "symbol_in": "ETHFI",
    "sc_in": "0x7189fb5b6504bbff6a852b13b7b82a3c118fdc27",
    "des_in": 18,
    "symbol_out": "USDT",
    "sc_out": "0xFd086bC7CD5C481DCC9C85ebE478A1C0b69FCbb9",
    "des_out": 6,
    "status": "TRUE"
  },
  {
    "cex": "BINANCE",
    "symbol_in": "ZRO",
    "sc_in": "0x6985884c4392d348587b19cb9eaaf157f13271cd",
    "des_in": 18,
    "symbol_out": "USDT",
    "sc_out": "0xFd086bC7CD5C481DCC9C85ebE478A1C0b69FCbb9",
    "des_out": 6,
    "status": "TRUE"
  },
  {
    "cex": "KUCOIN",
    "symbol_in": "ZRO",
    "sc_in": "0x6985884c4392d348587b19cb9eaaf157f13271cd",
    "des_in": 18,
    "symbol_out": "USDT",
    "sc_out": "0xFd086bC7CD5C481DCC9C85ebE478A1C0b69FCbb9",
    "des_out": 6,
    "status": "TRUE"
  },
  {
    "cex": "MEXC",
    "symbol_in": "ZRO",
    "sc_in": "0x6985884C4392D348587B19cb9eAAf157F13271cd",
    "des_in": 18,
    "symbol_out": "USDT",
    "sc_out": "0xFd086bC7CD5C481DCC9C85ebE478A1C0b69FCbb9",
    "des_out": 6,
    "status": "TRUE"
  },
  {
    "cex": "GATE",
    "symbol_in": "ZRO",
    "sc_in": "0x6985884C4392D348587B19cb9eAAf157F13271cd",
    "des_in": 18,
    "symbol_out": "USDT",
    "sc_out": "0xFd086bC7CD5C481DCC9C85ebE478A1C0b69FCbb9",
    "des_out": 6,
    "status": "TRUE"
  },
  {
    "cex": "BYBIT",
    "symbol_in": "ZRO",
    "sc_in": "0x6985884C4392D348587B19cb9eAAf157F13271cd",
    "des_in": 18,
    "symbol_out": "USDT",
    "sc_out": "0xFd086bC7CD5C481DCC9C85ebE478A1C0b69FCbb9",
    "des_out": 6,
    "status": "TRUE"
  },
  {
    "cex": "BINANCE",
    "symbol_in": "GNS",
    "sc_in": "0x18c11fd286c5ec11c3b683caa813b77f5163a122",
    "des_in": 18,
    "symbol_out": "USDT",
    "sc_out": "0xFd086bC7CD5C481DCC9C85ebE478A1C0b69FCbb9",
    "des_out": 6,
    "status": "TRUE"
  },
  {
    "cex": "MEXC",
    "symbol_in": "GNS",
    "sc_in": "0x18c11FD286C5EC11c3b683Caa813B77f5163A122",
    "des_in": 18,
    "symbol_out": "USDT",
    "sc_out": "0xFd086bC7CD5C481DCC9C85ebE478A1C0b69FCbb9",
    "des_out": 6,
    "status": "TRUE"
  },
  {
    "cex": "GATE",
    "symbol_in": "GNS",
    "sc_in": "0x18c11FD286C5EC11c3b683Caa813B77f5163A122",
    "des_in": 18,
    "symbol_out": "USDT",
    "sc_out": "0xFd086bC7CD5C481DCC9C85ebE478A1C0b69FCbb9",
    "des_out": 6,
    "status": "TRUE"
  },
  {
    "cex": "KUCOIN",
    "symbol_in": "GNS",
    "sc_in": "0x18c11fd286c5ec11c3b683caa813b77f5163a122",
    "des_in": 18,
    "symbol_out": "USDT",
    "sc_out": "0xFd086bC7CD5C481DCC9C85ebE478A1C0b69FCbb9",
    "des_out": 6,
    "status": "TRUE"
  },
  {
    "cex": "GATE",
    "symbol_in": "KINTO",
    "sc_in": "0x6ba19ee69d5dde3ab70185c801fa404f66fedb58",
    "des_in": 18,
    "symbol_out": "USDT",
    "sc_out": "0xFd086bC7CD5C481DCC9C85ebE478A1C0b69FCbb9",
    "des_out": 6,
    "status": "TRUE"
  },
  {
    "cex": "MEXC",
    "symbol_in": "KINTO",
    "sc_in": "0x6ba19ee69d5dde3ab70185c801fa404f66fedb58",
    "des_in": 18,
    "symbol_out": "USDT",
    "sc_out": "0xFd086bC7CD5C481DCC9C85ebE478A1C0b69FCbb9",
    "des_out": 6,
    "status": "TRUE"
  },
  {
    "cex": "MEXC",
    "symbol_in": "NST",
    "sc_in": "0x88a269Df8fe7F53E590c561954C52FCCC8EC0cFB",
    "des_in": 18,
    "symbol_out": "USDT",
    "sc_out": "0xFd086bC7CD5C481DCC9C85ebE478A1C0b69FCbb9",
    "des_out": 6,
    "status": "TRUE"
  },
  {
    "cex": "BINANCE",
    "symbol_in": "PENDLE",
    "sc_in": "0x0c880f6761f1af8d9aa9c466984b80dab9a8c9e8",
    "des_in": 18,
    "symbol_out": "USDT",
    "sc_out": "0xFd086bC7CD5C481DCC9C85ebE478A1C0b69FCbb9",
    "des_out": 6,
    "status": "TRUE"
  },
  {
    "cex": "KUCOIN",
    "symbol_in": "PENDLE",
    "sc_in": "0x0c880f6761f1af8d9aa9c466984b80dab9a8c9e8",
    "des_in": 18,
    "symbol_out": "USDT",
    "sc_out": "0xFd086bC7CD5C481DCC9C85ebE478A1C0b69FCbb9",
    "des_out": 6,
    "status": "TRUE"
  },
  {
    "cex": "BINANCE",
    "symbol_in": "LPT",
    "sc_in": "0x289ba1701c2f088cf0faf8b3705246331cb8a839",
    "des_in": 18,
    "symbol_out": "USDT",
    "sc_out": "0xFd086bC7CD5C481DCC9C85ebE478A1C0b69FCbb9",
    "des_out": 6,
    "status": "TRUE"
  },
  {
    "cex": "MEXC",
    "symbol_in": "DMT",
    "sc_in": "0x8B0E6f19Ee57089F7649A455D89D7bC6314D04e8",
    "des_in": 18,
    "symbol_out": "USDT",
    "sc_out": "0xFd086bC7CD5C481DCC9C85ebE478A1C0b69FCbb9",
    "des_out": 6,
    "status": "TRUE"
  },
  {
    "cex": "GATE",
    "symbol_in": "GMX",
    "sc_in": "0xfc5a1a6eb076a2c7ad06ed22c90d7e710e35ad0a",
    "des_in": 18,
    "symbol_out": "USDT",
    "sc_out": "0xFd086bC7CD5C481DCC9C85ebE478A1C0b69FCbb9",
    "des_out": 6,
    "status": "TRUE"
  },
  {
    "cex": "BINANCE",
    "symbol_in": "GMX",
    "sc_in": "0xfc5a1a6eb076a2c7ad06ed22c90d7e710e35ad0a",
    "des_in": 18,
    "symbol_out": "USDT",
    "sc_out": "0xFd086bC7CD5C481DCC9C85ebE478A1C0b69FCbb9",
    "des_out": 6,
    "status": "TRUE"
  },
  {
    "cex": "MEXC",
    "symbol_in": "GMX",
    "sc_in": "0xfc5A1A6EB076a2C7aD06eD22C90d7E710E35ad0a",
    "des_in": 18,
    "symbol_out": "USDT",
    "sc_out": "0xFd086bC7CD5C481DCC9C85ebE478A1C0b69FCbb9",
    "des_out": 6,
    "status": "TRUE"
  },
  {
    "cex": "BYBIT",
    "symbol_in": "GMX",
    "sc_in": "0xfc5a1a6eb076a2c7ad06ed22c90d7e710e35ad0a",
    "des_in": 18,
    "symbol_out": "USDT",
    "sc_out": "0xFd086bC7CD5C481DCC9C85ebE478A1C0b69FCbb9",
    "des_out": 6,
    "status": "TRUE"
  },
  {
    "cex": "KUCOIN",
    "symbol_in": "GMX",
    "sc_in": "0xfc5a1a6eb076a2c7ad06ed22c90d7e710e35ad0a",
    "des_in": 18,
    "symbol_out": "USDT",
    "sc_out": "0xFd086bC7CD5C481DCC9C85ebE478A1C0b69FCbb9",
    "des_out": 6,
    "status": "TRUE"
  },
  {
    "cex": "KUCOIN",
    "symbol_in": "GRAIL",
    "sc_in": "0x3d9907f9a368ad0a51be60f7da3b97cf940982d8",
    "des_in": 18,
    "symbol_out": "USDT",
    "sc_out": "0xFd086bC7CD5C481DCC9C85ebE478A1C0b69FCbb9",
    "des_out": 6,
    "status": "TRUE"
  },
  {
    "cex": "MEXC",
    "symbol_in": "GRAIL",
    "sc_in": "0x3d9907F9a368ad0a51Be60f7Da3b97cf940982D8",
    "des_in": 18,
    "symbol_out": "USDT",
    "sc_out": "0xFd086bC7CD5C481DCC9C85ebE478A1C0b69FCbb9",
    "des_out": 6,
    "status": "TRUE"
  },
  {
    "cex": "GATE",
    "symbol_in": "GRAIL",
    "sc_in": "0x3d9907F9a368ad0a51Be60f7Da3b97cf940982D8",
    "des_in": 18,
    "symbol_out": "USDT",
    "sc_out": "0xFd086bC7CD5C481DCC9C85ebE478A1C0b69FCbb9",
    "des_out": 6,
    "status": "TRUE"
  },
  {
    "cex": "KUCOIN",
    "symbol_in": "AAVE",
    "sc_in": "0xf329e36c7bf6e5e86ce2150875a84ce77f477375",
    "des_in": 18,
    "symbol_out": "USDT",
    "sc_out": "0xFd086bC7CD5C481DCC9C85ebE478A1C0b69FCbb9",
    "des_out": 6,
    "status": "TRUE"
  },
  {
    "cex": "KUCOIN",
    "symbol_in": "YFI",
    "sc_in": "0x82e3a8f066a6989666b031d916c43672085b1582",
    "des_in": 18,
    "symbol_out": "USDT",
    "sc_out": "0xFd086bC7CD5C481DCC9C85ebE478A1C0b69FCbb9",
    "des_out": 6,
    "status": "TRUE"
  },
  {
    "cex": "KUCOIN",
    "symbol_in": "BTC",
    "sc_in": "0x2f2a2543b76a4166549f7aab2e75bef0aefc5b0f",
    "des_in": 8,
    "symbol_out": "USDT",
    "sc_out": "0xFd086bC7CD5C481DCC9C85ebE478A1C0b69FCbb9",
    "des_out": 6,
    "status": "TRUE"
  },
  {
    "cex": "MEXC",
    "symbol_in": "AIDOGE",
    "sc_in": "0x09E18590E8f76b6Cf471b3cd75fE1A1a9D2B2c2b",
    "des_in": 6,
    "symbol_out": "USDC",
    "sc_out": "0xaf88d065e77c8cC2239327C5EDb3A432268e5831",
    "des_out": 6,
    "status": "TRUE"
  },
  {
    "cex": "GATE",
    "symbol_in": "AIDOGE",
    "sc_in": "0x09E18590E8f76b6Cf471b3cd75fE1A1a9D2B2c2b",
    "des_in": 6,
    "symbol_out": "USDC",
    "sc_out": "0xaf88d065e77c8cC2239327C5EDb3A432268e5831",
    "des_out": 6,
    "status": "TRUE"
  },
  {
    "cex": "GATE",
    "symbol_in": "AIRDROP",
    "sc_in": "0xdc5F1BF636DcAdaE7e285A484Dc71A1F5adeE0A1",
    "des_in": 18,
    "symbol_out": "USDC",
    "sc_out": "0xaf88d065e77c8cC2239327C5EDb3A432268e5831",
    "des_out": 6,
    "status": "TRUE"
  },
  {
    "cex": "GATE",
    "symbol_in": "APTR",
    "sc_in": "0x1C986661170c1834db49C3830130D4038eEeb866",
    "des_in": 6,
    "symbol_out": "USDC",
    "sc_out": "0xaf88d065e77c8cC2239327C5EDb3A432268e5831",
    "des_out": 6,
    "status": "TRUE"
  },
  {
    "cex": "GATE",
    "symbol_in": "AARK",
    "sc_in": "0xCa4e51F6AD4AFd9d1068E5899De9dd7d73F3463D",
    "des_in": 18,
    "symbol_out": "USDC",
    "sc_out": "0xaf88d065e77c8cC2239327C5EDb3A432268e5831",
    "des_out": 6,
    "status": "TRUE"
  },
  {
    "cex": "GATE",
    "symbol_in": "IXORA",
    "sc_in": "0x99110990b602def65deb578a55f43793b4894a0a",
    "des_in": 18,
    "symbol_out": "USDC",
    "sc_out": "0xaf88d065e77c8cC2239327C5EDb3A432268e5831",
    "des_out": 6,
    "status": "TRUE"
  },
  {
    "cex": "MEXC",
    "symbol_in": "IXORA",
    "sc_in": "0x99110990B602DEF65dEB578A55f43793B4894A0a",
    "des_in": 18,
    "symbol_out": "USDC",
    "sc_out": "0xaf88d065e77c8cC2239327C5EDb3A432268e5831",
    "des_out": 6,
    "status": "TRUE"
  },
  {
    "cex": "MEXC",
    "symbol_in": "HIPPOP",
    "sc_in": "0xa0995d43901551601060447f9aBf93ebc277cEC2",
    "des_in": 18,
    "symbol_out": "USDC",
    "sc_out": "0xaf88d065e77c8cC2239327C5EDb3A432268e5831",
    "des_out": 6,
    "status": "TRUE"
  },
  {
    "cex": "KUCOIN",
    "symbol_in": "RCADE",
    "sc_in": "0x077574441c4f8763a37a2cfee2ecb444aa60a15e",
    "des_in": 18,
    "symbol_out": "USDC",
    "sc_out": "0xaf88d065e77c8cC2239327C5EDb3A432268e5831",
    "des_out": 6,
    "status": "TRUE"
  },
  {
    "cex": "MEXC",
    "symbol_in": "RCADE",
    "sc_in": "0x077574441C4F8763a37a2cFeE2ECb444aA60A15e",
    "des_in": 18,
    "symbol_out": "USDC",
    "sc_out": "0xaf88d065e77c8cC2239327C5EDb3A432268e5831",
    "des_out": 6,
    "status": "TRUE"
  },
  {
    "cex": "GATE",
    "symbol_in": "RCADE",
    "sc_in": "0x077574441c4f8763a37a2cfee2ecb444aa60a15e",
    "des_in": 18,
    "symbol_out": "USDC",
    "sc_out": "0xaf88d065e77c8cC2239327C5EDb3A432268e5831",
    "des_out": 6,
    "status": "TRUE"
  },
  {
    "cex": "KUCOIN",
    "symbol_in": "SLING",
    "sc_in": "0x5f8a7c646511a790c53f171891e5d469ca884ede",
    "des_in": 18,
    "symbol_out": "USDC",
    "sc_out": "0xaf88d065e77c8cC2239327C5EDb3A432268e5831",
    "des_out": 6,
    "status": "TRUE"
  },
  {
    "cex": "GATE",
    "symbol_in": "G7",
    "sc_in": "0xf18e4466f26b4ca55bbab890b314a54976e45b17",
    "des_in": 18,
    "symbol_out": "USDC",
    "sc_out": "0xaf88d065e77c8cC2239327C5EDb3A432268e5831",
    "des_out": 6,
    "status": "TRUE"
  },
  {
    "cex": "BYBIT",
    "symbol_in": "G7",
    "sc_in": "0xF18e4466F26B4cA55bbAb890b314a54976E45B17",
    "des_in": 18,
    "symbol_out": "USDC",
    "sc_out": "0xaf88d065e77c8cC2239327C5EDb3A432268e5831",
    "des_out": 6,
    "status": "TRUE"
  },
  {
    "cex": "KUCOIN",
    "symbol_in": "VEMP",
    "sc_in": "0xaf7e3f16d747e77e927dc94287f86eb95a64d83d",
    "des_in": 18,
    "symbol_out": "USDC",
    "sc_out": "0xaf88d065e77c8cC2239327C5EDb3A432268e5831",
    "des_out": 6,
    "status": "TRUE"
  },
  {
    "cex": "GATE",
    "symbol_in": "VEMP",
    "sc_in": "0xaf7e3f16d747e77e927dc94287f86eb95a64d83d",
    "des_in": 18,
    "symbol_out": "USDC",
    "sc_out": "0xaf88d065e77c8cC2239327C5EDb3A432268e5831",
    "des_out": 6,
    "status": "TRUE"
  },
  {
    "cex": "GATE",
    "symbol_in": "CBL",
    "sc_in": "0xd6b3d81868770083307840f513a3491960b95cb6",
    "des_in": 18,
    "symbol_out": "USDC",
    "sc_out": "0xaf88d065e77c8cC2239327C5EDb3A432268e5831",
    "des_out": 6,
    "status": "TRUE"
  },
  {
    "cex": "GATE",
    "symbol_in": "FOREX",
    "sc_in": "0xDb298285FE4C5410B05390cA80e8Fbe9DE1F259B",
    "des_in": 18,
    "symbol_out": "USDC",
    "sc_out": "0xaf88d065e77c8cC2239327C5EDb3A432268e5831",
    "des_out": 6,
    "status": "TRUE"
  },
  {
    "cex": "KUCOIN",
    "symbol_in": "MOZ",
    "sc_in": "0xe16e2548a576ad448fb014bbe85284d7f3542df5",
    "des_in": 18,
    "symbol_out": "USDC",
    "sc_out": "0xaf88d065e77c8cC2239327C5EDb3A432268e5831",
    "des_out": 6,
    "status": "TRUE"
  },
  {
    "cex": "BYBIT",
    "symbol_in": "MOZ",
    "sc_in": "0xE16e2548A576ad448FB014bBE85284D7f3542dF5",
    "des_in": 18,
    "symbol_out": "USDC",
    "sc_out": "0xaf88d065e77c8cC2239327C5EDb3A432268e5831",
    "des_out": 6,
    "status": "TRUE"
  },
  {
    "cex": "GATE",
    "symbol_in": "MOZ",
    "sc_in": "0xe16e2548a576ad448fb014bbe85284d7f3542df5",
    "des_in": 18,
    "symbol_out": "USDC",
    "sc_out": "0xaf88d065e77c8cC2239327C5EDb3A432268e5831",
    "des_out": 6,
    "status": "TRUE"
  },
  {
    "cex": "GATE",
    "symbol_in": "BDG",
    "sc_in": "0x56264286b18903889d03de41cf6acfab1fe1defc",
    "des_in": 6,
    "symbol_out": "USDC",
    "sc_out": "0xaf88d065e77c8cC2239327C5EDb3A432268e5831",
    "des_out": 6,
    "status": "TRUE"
  },
  {
    "cex": "GATE",
    "symbol_in": "EMC",
    "sc_in": "0xDFB8BE6F8c87f74295A87de951974362CedCFA30",
    "des_in": 18,
    "symbol_out": "USDC",
    "sc_out": "0xaf88d065e77c8cC2239327C5EDb3A432268e5831",
    "des_out": 6,
    "status": "TRUE"
  },
  {
    "cex": "GATE",
    "symbol_in": "ZTX",
    "sc_in": "0x1C43D05be7E5b54D506e3DdB6f0305e8A66CD04e",
    "des_in": 18,
    "symbol_out": "USDC",
    "sc_out": "0xaf88d065e77c8cC2239327C5EDb3A432268e5831",
    "des_out": 6,
    "status": "TRUE"
  },
  {
    "cex": "BYBIT",
    "symbol_in": "ZTX",
    "sc_in": "0x1C43D05be7E5b54D506e3DdB6f0305e8A66CD04e",
    "des_in": 18,
    "symbol_out": "USDC",
    "sc_out": "0xaf88d065e77c8cC2239327C5EDb3A432268e5831",
    "des_out": 6,
    "status": "TRUE"
  },
  {
    "cex": "KUCOIN",
    "symbol_in": "G7",
    "sc_in": "0xf18e4466f26b4ca55bbab890b314a54976e45b17",
    "des_in": 18,
    "symbol_out": "USDC",
    "sc_out": "0xaf88d065e77c8cC2239327C5EDb3A432268e5831",
    "des_out": 6,
    "status": "TRUE"
  },
  {
    "cex": "GATE",
    "symbol_in": "NEXD",
    "sc_in": "0x3858567501fbf030bd859ee831610fcc710319f4",
    "des_in": 18,
    "symbol_out": "USDC",
    "sc_out": "0xaf88d065e77c8cC2239327C5EDb3A432268e5831",
    "des_out": 6,
    "status": "TRUE"
  },
  {
    "cex": "MEXC",
    "symbol_in": "AZEN",
    "sc_in": "0x8A23fa9Ca68226a1ea9FB2Df42b9E87a1728381E",
    "des_in": 18,
    "symbol_out": "USDC",
    "sc_out": "0xaf88d065e77c8cC2239327C5EDb3A432268e5831",
    "des_out": 6,
    "status": "TRUE"
  },
  {
    "cex": "GATE",
    "symbol_in": "PSI",
    "sc_in": "0x602Eb0D99A5e3e76D1510372C4d2020e12EaEa8a",
    "des_in": 9,
    "symbol_out": "USDC",
    "sc_out": "0xaf88d065e77c8cC2239327C5EDb3A432268e5831",
    "des_out": 6,
    "status": "TRUE"
  },
  {
    "cex": "GATE",
    "symbol_in": "EYWA",
    "sc_in": "0x7a10f506e4c7658e6ad15fdf0443d450b7fa80d7",
    "des_in": 18,
    "symbol_out": "USDC",
    "sc_out": "0xaf88d065e77c8cC2239327C5EDb3A432268e5831",
    "des_out": 6,
    "status": "TRUE"
  },
  {
    "cex": "KUCOIN",
    "symbol_in": "EYWA",
    "sc_in": "0x7a10f506e4c7658e6ad15fdf0443d450b7fa80d7",
    "des_in": 18,
    "symbol_out": "USDC",
    "sc_out": "0xaf88d065e77c8cC2239327C5EDb3A432268e5831",
    "des_out": 6,
    "status": "TRUE"
  },
  {
    "cex": "MEXC",
    "symbol_in": "STAR",
    "sc_in": "0xB299751B088336E165dA313c33e3195B8c6663A6",
    "des_in": 18,
    "symbol_out": "USDC",
    "sc_out": "0xaf88d065e77c8cC2239327C5EDb3A432268e5831",
    "des_out": 6,
    "status": "TRUE"
  },
  {
    "cex": "GATE",
    "symbol_in": "STARHEROES",
    "sc_in": "0xB299751B088336E165dA313c33e3195B8c6663A6",
    "des_in": 18,
    "symbol_out": "USDC",
    "sc_out": "0xaf88d065e77c8cC2239327C5EDb3A432268e5831",
    "des_out": 6,
    "status": "TRUE"
  },
  {
    "cex": "BYBIT",
    "symbol_in": "G3",
    "sc_in": "0xc24A365A870821EB83Fd216c9596eDD89479d8d7",
    "des_in": 18,
    "symbol_out": "USDC",
    "sc_out": "0xaf88d065e77c8cC2239327C5EDb3A432268e5831",
    "des_out": 6,
    "status": "TRUE"
  },
  {
    "cex": "KUCOIN",
    "symbol_in": "G3",
    "sc_in": "0xc24a365a870821eb83fd216c9596edd89479d8d7",
    "des_in": 18,
    "symbol_out": "USDC",
    "sc_out": "0xaf88d065e77c8cC2239327C5EDb3A432268e5831",
    "des_out": 6,
    "status": "TRUE"
  },
  {
    "cex": "GATE",
    "symbol_in": "G3",
    "sc_in": "0xc24A365A870821EB83Fd216c9596eDD89479d8d7",
    "des_in": 18,
    "symbol_out": "USDC",
    "sc_out": "0xaf88d065e77c8cC2239327C5EDb3A432268e5831",
    "des_out": 6,
    "status": "TRUE"
  },
  {
    "cex": "KUCOIN",
    "symbol_in": "LOGX",
    "sc_in": "0x59062301fb510f4ea2417b67404cb16d31e604ba",
    "des_in": 18,
    "symbol_out": "USDC",
    "sc_out": "0xaf88d065e77c8cC2239327C5EDb3A432268e5831",
    "des_out": 6,
    "status": "TRUE"
  },
  {
    "cex": "GATE",
    "symbol_in": "LOGX",
    "sc_in": "0x59062301Fb510F4ea2417B67404CB16D31E604BA",
    "des_in": 18,
    "symbol_out": "USDC",
    "sc_out": "0xaf88d065e77c8cC2239327C5EDb3A432268e5831",
    "des_out": 6,
    "status": "TRUE"
  },
  {
    "cex": "GATE",
    "symbol_in": "BRI",
    "sc_in": "0x51F6EE60108CBCB3b613093BD3F224cB49Aa1610",
    "des_in": 9,
    "symbol_out": "USDC",
    "sc_out": "0xaf88d065e77c8cC2239327C5EDb3A432268e5831",
    "des_out": 6,
    "status": "TRUE"
  },
  {
    "cex": "GATE",
    "symbol_in": "AMS",
    "sc_in": "0x41e7D39DD8D1De42EfA6e9B98402e05F5C2D12f8",
    "des_in": 18,
    "symbol_out": "USDC",
    "sc_out": "0xaf88d065e77c8cC2239327C5EDb3A432268e5831",
    "des_out": 6,
    "status": "TRUE"
  },
  {
    "cex": "KUCOIN",
    "symbol_in": "VRTX",
    "sc_in": "0x95146881b86b3ee99e63705ec87afe29fcc044d9",
    "des_in": 18,
    "symbol_out": "USDC",
    "sc_out": "0xaf88d065e77c8cC2239327C5EDb3A432268e5831",
    "des_out": 6,
    "status": "TRUE"
  },
  {
    "cex": "KUCOIN",
    "symbol_in": "OBT",
    "sc_in": "0x1cd9a56c8c2ea913c70319a44da75e99255aa46f",
    "des_in": 18,
    "symbol_out": "USDC",
    "sc_out": "0xaf88d065e77c8cC2239327C5EDb3A432268e5831",
    "des_out": 6,
    "status": "TRUE"
  },
  {
    "cex": "MEXC",
    "symbol_in": "OBT",
    "sc_in": "0x1CD9a56c8C2eA913c70319A44Da75e99255aa46f",
    "des_in": 18,
    "symbol_out": "USDC",
    "sc_out": "0xaf88d065e77c8cC2239327C5EDb3A432268e5831",
    "des_out": 6,
    "status": "TRUE"
  },
  {
    "cex": "BYBIT",
    "symbol_in": "OBT",
    "sc_in": "0x1CD9a56c8C2eA913c70319A44Da75e99255aa46f",
    "des_in": 18,
    "symbol_out": "USDC",
    "sc_out": "0xaf88d065e77c8cC2239327C5EDb3A432268e5831",
    "des_out": 6,
    "status": "TRUE"
  },
  {
    "cex": "GATE",
    "symbol_in": "OBT",
    "sc_in": "0x1cd9a56c8c2ea913c70319a44da75e99255aa46f",
    "des_in": 18,
    "symbol_out": "USDC",
    "sc_out": "0xaf88d065e77c8cC2239327C5EDb3A432268e5831",
    "des_out": 6,
    "status": "TRUE"
  },
  {
    "cex": "BYBIT",
    "symbol_in": "GSWIFT",
    "sc_in": "0x580E933D90091b9cE380740E3a4A39c67eB85B4c",
    "des_in": 18,
    "symbol_out": "USDC",
    "sc_out": "0xaf88d065e77c8cC2239327C5EDb3A432268e5831",
    "des_out": 6,
    "status": "TRUE"
  },
  {
    "cex": "MEXC",
    "symbol_in": "GSWIFT",
    "sc_in": "0x580E933D90091b9cE380740E3a4A39c67eB85B4c",
    "des_in": 18,
    "symbol_out": "USDC",
    "sc_out": "0xaf88d065e77c8cC2239327C5EDb3A432268e5831",
    "des_out": 6,
    "status": "TRUE"
  },
  {
    "cex": "BYBIT",
    "symbol_in": "AFG",
    "sc_in": "0x619C82392cb6E41778b7d088860Fea8447941f4c",
    "des_in": 18,
    "symbol_out": "USDC",
    "sc_out": "0xaf88d065e77c8cC2239327C5EDb3A432268e5831",
    "des_out": 6,
    "status": "TRUE"
  },
  {
    "cex": "KUCOIN",
    "symbol_in": "AFG",
    "sc_in": "0x619c82392cb6e41778b7d088860fea8447941f4c",
    "des_in": 18,
    "symbol_out": "USDC",
    "sc_out": "0xaf88d065e77c8cC2239327C5EDb3A432268e5831",
    "des_out": 6,
    "status": "TRUE"
  },
  {
    "cex": "MEXC",
    "symbol_in": "WINR",
    "sc_in": "0xD77B108d4f6cefaa0Cae9506A934e825BEccA46E",
    "des_in": 18,
    "symbol_out": "USDC",
    "sc_out": "0xaf88d065e77c8cC2239327C5EDb3A432268e5831",
    "des_out": 6,
    "status": "TRUE"
  },
  {
    "cex": "BINANCE",
    "symbol_in": "POND",
    "sc_in": "0xda0a57b710768ae17941a9fa33f8b720c8bd9ddd",
    "des_in": 18,
    "symbol_out": "USDC",
    "sc_out": "0xaf88d065e77c8cC2239327C5EDb3A432268e5831",
    "des_out": 6,
    "status": "TRUE"
  },
  {
    "cex": "MEXC",
    "symbol_in": "SPA",
    "sc_in": "0x5575552988A3A80504bBaeB1311674fCFd40aD4B",
    "des_in": 18,
    "symbol_out": "USDC",
    "sc_out": "0xaf88d065e77c8cC2239327C5EDb3A432268e5831",
    "des_out": 6,
    "status": "TRUE"
  },
  {
    "cex": "GATE",
    "symbol_in": "SPA",
    "sc_in": "0x5575552988A3A80504bBaeB1311674fCFd40aD4B",
    "des_in": 18,
    "symbol_out": "USDC",
    "sc_out": "0xaf88d065e77c8cC2239327C5EDb3A432268e5831",
    "des_out": 6,
    "status": "TRUE"
  },
  {
    "cex": "KUCOIN",
    "symbol_in": "SPA",
    "sc_in": "0x5575552988a3a80504bbaeb1311674fcfd40ad4b",
    "des_in": 18,
    "symbol_out": "USDC",
    "sc_out": "0xaf88d065e77c8cC2239327C5EDb3A432268e5831",
    "des_out": 6,
    "status": "TRUE"
  },
  {
    "cex": "GATE",
    "symbol_in": "BLADE",
    "sc_in": "0xe8b201be5357c07f0aa58693f98fb048323777f9",
    "des_in": 18,
    "symbol_out": "USDC",
    "sc_out": "0xaf88d065e77c8cC2239327C5EDb3A432268e5831",
    "des_out": 6,
    "status": "TRUE"
  },
  {
    "cex": "MEXC",
    "symbol_in": "STBU",
    "sc_in": "0x1cb9bD2c6E7F4A7DE3778547d46C8D4c22abC093",
    "des_in": 18,
    "symbol_out": "USDC",
    "sc_out": "0xaf88d065e77c8cC2239327C5EDb3A432268e5831",
    "des_out": 6,
    "status": "TRUE"
  },
  {
    "cex": "MEXC",
    "symbol_in": "AIPO",
    "sc_in": "0x6c511dc18572d31C2c3f7b1505cB2BBC08282FcC",
    "des_in": 18,
    "symbol_out": "USDC",
    "sc_out": "0xaf88d065e77c8cC2239327C5EDb3A432268e5831",
    "des_out": 6,
    "status": "TRUE"
  },
  {
    "cex": "GATE",
    "symbol_in": "ANIME",
    "sc_in": "0x37a645648df29205c6261289983fb04ecd70b4b3",
    "des_in": 18,
    "symbol_out": "USDC",
    "sc_out": "0xaf88d065e77c8cC2239327C5EDb3A432268e5831",
    "des_out": 6,
    "status": "TRUE"
  },
  {
    "cex": "BINANCE",
    "symbol_in": "ANIME",
    "sc_in": "0x37a645648df29205c6261289983fb04ecd70b4b3",
    "des_in": 18,
    "symbol_out": "USDC",
    "sc_out": "0xaf88d065e77c8cC2239327C5EDb3A432268e5831",
    "des_out": 6,
    "status": "TRUE"
  },
  {
    "cex": "MEXC",
    "symbol_in": "ANIME",
    "sc_in": "0x37a645648dF29205C6261289983FB04ECD70b4B3",
    "des_in": 18,
    "symbol_out": "USDC",
    "sc_out": "0xaf88d065e77c8cC2239327C5EDb3A432268e5831",
    "des_out": 6,
    "status": "TRUE"
  },
  {
    "cex": "KUCOIN",
    "symbol_in": "ANIME",
    "sc_in": "0x37a645648df29205c6261289983fb04ecd70b4b3",
    "des_in": 18,
    "symbol_out": "USDC",
    "sc_out": "0xaf88d065e77c8cC2239327C5EDb3A432268e5831",
    "des_out": 6,
    "status": "TRUE"
  },
  {
    "cex": "BYBIT",
    "symbol_in": "ANIME",
    "sc_in": "0x37a645648dF29205C6261289983FB04ECD70b4B3",
    "des_in": 18,
    "symbol_out": "USDC",
    "sc_out": "0xaf88d065e77c8cC2239327C5EDb3A432268e5831",
    "des_out": 6,
    "status": "TRUE"
  },
  {
    "cex": "MEXC",
    "symbol_in": "PEAR",
    "sc_in": "0x3212dc0F8c834e4DE893532d27CC9B6001684DB0",
    "des_in": 18,
    "symbol_out": "USDC",
    "sc_out": "0xaf88d065e77c8cC2239327C5EDb3A432268e5831",
    "des_out": 6,
    "status": "TRUE"
  },
  {
    "cex": "MEXC",
    "symbol_in": "QTLX",
    "sc_in": "0x4D840b741bc05FDE325D4Ec0B4CFCD0CeA237e4E",
    "des_in": 18,
    "symbol_out": "USDC",
    "sc_out": "0xaf88d065e77c8cC2239327C5EDb3A432268e5831",
    "des_out": 6,
    "status": "TRUE"
  },
  {
    "cex": "GATE",
    "symbol_in": "XRWA",
    "sc_in": "0x3096e7BFd0878Cc65be71f8899Bc4CFB57187Ba3",
    "des_in": 18,
    "symbol_out": "USDC",
    "sc_out": "0xaf88d065e77c8cC2239327C5EDb3A432268e5831",
    "des_out": 6,
    "status": "TRUE"
  },
  {
    "cex": "GATE",
    "symbol_in": "RDNT",
    "sc_in": "0x3082cc23568ea640225c2467653db90e9250aaa0",
    "des_in": 18,
    "symbol_out": "USDC",
    "sc_out": "0xaf88d065e77c8cC2239327C5EDb3A432268e5831",
    "des_out": 6,
    "status": "TRUE"
  },
  {
    "cex": "BINANCE",
    "symbol_in": "RDNT",
    "sc_in": "0x3082cc23568ea640225c2467653db90e9250aaa0",
    "des_in": 18,
    "symbol_out": "USDC",
    "sc_out": "0xaf88d065e77c8cC2239327C5EDb3A432268e5831",
    "des_out": 6,
    "status": "TRUE"
  },
  {
    "cex": "MEXC",
    "symbol_in": "RDNT",
    "sc_in": "0x3082CC23568eA640225c2467653dB90e9250AaA0",
    "des_in": 18,
    "symbol_out": "USDC",
    "sc_out": "0xaf88d065e77c8cC2239327C5EDb3A432268e5831",
    "des_out": 6,
    "status": "TRUE"
  },
  {
    "cex": "BYBIT",
    "symbol_in": "RDNT",
    "sc_in": "0x3082cc23568ea640225c2467653db90e9250aaa0",
    "des_in": 18,
    "symbol_out": "USDC",
    "sc_out": "0xaf88d065e77c8cC2239327C5EDb3A432268e5831",
    "des_out": 6,
    "status": "TRUE"
  },
  {
    "cex": "KUCOIN",
    "symbol_in": "RDNT",
    "sc_in": "0x3082cc23568ea640225c2467653db90e9250aaa0",
    "des_in": 18,
    "symbol_out": "USDC",
    "sc_out": "0xaf88d065e77c8cC2239327C5EDb3A432268e5831",
    "des_out": 6,
    "status": "TRUE"
  },
  {
    "cex": "KUCOIN",
    "symbol_in": "TRUF",
    "sc_in": "0xb59c8912c83157a955f9d715e556257f432c35d7",
    "des_in": 18,
    "symbol_out": "USDC",
    "sc_out": "0xaf88d065e77c8cC2239327C5EDb3A432268e5831",
    "des_out": 6,
    "status": "TRUE"
  },
  {
    "cex": "GATE",
    "symbol_in": "TRUF",
    "sc_in": "0xB59c8912c83157a955f9D715E556257F432C35D7",
    "des_in": 18,
    "symbol_out": "USDC",
    "sc_out": "0xaf88d065e77c8cC2239327C5EDb3A432268e5831",
    "des_out": 6,
    "status": "TRUE"
  },
  {
    "cex": "MEXC",
    "symbol_in": "TRN",
    "sc_in": "0x1114982539A2Bfb84e8B9e4e320bbC04532a9e44",
    "des_in": 18,
    "symbol_out": "USDC",
    "sc_out": "0xaf88d065e77c8cC2239327C5EDb3A432268e5831",
    "des_out": 6,
    "status": "TRUE"
  },
  {
    "cex": "KUCOIN",
    "symbol_in": "TRN",
    "sc_in": "0x1114982539a2bfb84e8b9e4e320bbc04532a9e44",
    "des_in": 18,
    "symbol_out": "USDC",
    "sc_out": "0xaf88d065e77c8cC2239327C5EDb3A432268e5831",
    "des_out": 6,
    "status": "TRUE"
  },
  {
    "cex": "GATE",
    "symbol_in": "ARW",
    "sc_in": "0x747952a59292a9b3862f3c59664b95e8b461ef45",
    "des_in": 18,
    "symbol_out": "USDC",
    "sc_out": "0xaf88d065e77c8cC2239327C5EDb3A432268e5831",
    "des_out": 6,
    "status": "TRUE"
  },
  {
    "cex": "KUCOIN",
    "symbol_in": "NRN",
    "sc_in": "0xdadeca1167fe47499e53eb50f261103630974905",
    "des_in": 18,
    "symbol_out": "USDC",
    "sc_out": "0xaf88d065e77c8cC2239327C5EDb3A432268e5831",
    "des_out": 6,
    "status": "TRUE"
  },
  {
    "cex": "BYBIT",
    "symbol_in": "NRN",
    "sc_in": "0xdadeca1167fe47499e53Eb50F261103630974905",
    "des_in": 18,
    "symbol_out": "USDC",
    "sc_out": "0xaf88d065e77c8cC2239327C5EDb3A432268e5831",
    "des_out": 6,
    "status": "TRUE"
  },
  {
    "cex": "MEXC",
    "symbol_in": "NRN",
    "sc_in": "0xdadeca1167fe47499e53Eb50F261103630974905",
    "des_in": 18,
    "symbol_out": "USDC",
    "sc_out": "0xaf88d065e77c8cC2239327C5EDb3A432268e5831",
    "des_out": 6,
    "status": "TRUE"
  },
  {
    "cex": "GATE",
    "symbol_in": "NRN",
    "sc_in": "0xdadeca1167fe47499e53Eb50F261103630974905",
    "des_in": 18,
    "symbol_out": "USDC",
    "sc_out": "0xaf88d065e77c8cC2239327C5EDb3A432268e5831",
    "des_out": 6,
    "status": "TRUE"
  },
  {
    "cex": "GATE",
    "symbol_in": "CATCH",
    "sc_in": "0xbC4c97Fb9befaa8B41448e1dFcC5236dA543217F",
    "des_in": 18,
    "symbol_out": "USDC",
    "sc_out": "0xaf88d065e77c8cC2239327C5EDb3A432268e5831",
    "des_out": 6,
    "status": "TRUE"
  },
  {
    "cex": "MEXC",
    "symbol_in": "CATCH",
    "sc_in": "0xbC4c97Fb9befaa8B41448e1dFcC5236dA543217F",
    "des_in": 18,
    "symbol_out": "USDC",
    "sc_out": "0xaf88d065e77c8cC2239327C5EDb3A432268e5831",
    "des_out": 6,
    "status": "TRUE"
  },
  {
    "cex": "GATE",
    "symbol_in": "OPUL",
    "sc_in": "0x0c5fa0E07949F941A6c2C29a008252db1527d6EE",
    "des_in": 18,
    "symbol_out": "USDC",
    "sc_out": "0xaf88d065e77c8cC2239327C5EDb3A432268e5831",
    "des_out": 6,
    "status": "TRUE"
  },
  {
    "cex": "GATE",
    "symbol_in": "KNJ",
    "sc_in": "0xfbbb21d8e7A461f06e5E27efD69703aCB5C732A8",
    "des_in": 18,
    "symbol_out": "USDC",
    "sc_out": "0xaf88d065e77c8cC2239327C5EDb3A432268e5831",
    "des_out": 6,
    "status": "TRUE"
  },
  {
    "cex": "MEXC",
    "symbol_in": "HDN",
    "sc_in": "0xB0F66Bdb39acBb043308eb9Dbe78F5bB47ea5430",
    "des_in": 18,
    "symbol_out": "USDC",
    "sc_out": "0xaf88d065e77c8cC2239327C5EDb3A432268e5831",
    "des_out": 6,
    "status": "TRUE"
  },
  {
    "cex": "GATE",
    "symbol_in": "SKATE",
    "sc_in": "0x61dbbbb552dc893ab3aad09f289f811e67cef285",
    "des_in": 18,
    "symbol_out": "USDC",
    "sc_out": "0xaf88d065e77c8cC2239327C5EDb3A432268e5831",
    "des_out": 6,
    "status": "TRUE"
  },
  {
    "cex": "MEXC",
    "symbol_in": "SKATE",
    "sc_in": "0x61DBbBb552dc893ab3aAd09F289f811E67cEf285",
    "des_in": 18,
    "symbol_out": "USDC",
    "sc_out": "0xaf88d065e77c8cC2239327C5EDb3A432268e5831",
    "des_out": 6,
    "status": "TRUE"
  },
  {
    "cex": "BINANCE",
    "symbol_in": "DODO",
    "sc_in": "0x69eb4fa4a2fbd498c257c57ea8b7655a2559a581",
    "des_in": 18,
    "symbol_out": "USDC",
    "sc_out": "0xaf88d065e77c8cC2239327C5EDb3A432268e5831",
    "des_out": 6,
    "status": "TRUE"
  },
  {
    "cex": "BINANCE",
    "symbol_in": "XAI",
    "sc_in": "0x4cb9a7ae498cedcbb5eae9f25736ae7d428c9d66",
    "des_in": 18,
    "symbol_out": "USDC",
    "sc_out": "0xaf88d065e77c8cC2239327C5EDb3A432268e5831",
    "des_out": 6,
    "status": "TRUE"
  },
  {
    "cex": "MEXC",
    "symbol_in": "XAI",
    "sc_in": "0x4Cb9a7AE498CEDcBb5EAe9f25736aE7d428C9D66",
    "des_in": 18,
    "symbol_out": "USDC",
    "sc_out": "0xaf88d065e77c8cC2239327C5EDb3A432268e5831",
    "des_out": 6,
    "status": "TRUE"
  },
  {
    "cex": "GATE",
    "symbol_in": "XAI",
    "sc_in": "0x4Cb9a7AE498CEDcBb5EAe9f25736aE7d428C9D66",
    "des_in": 18,
    "symbol_out": "USDC",
    "sc_out": "0xaf88d065e77c8cC2239327C5EDb3A432268e5831",
    "des_out": 6,
    "status": "TRUE"
  },
  {
    "cex": "BYBIT",
    "symbol_in": "XAI",
    "sc_in": "0x4Cb9a7AE498CEDcBb5EAe9f25736aE7d428C9D66",
    "des_in": 18,
    "symbol_out": "USDC",
    "sc_out": "0xaf88d065e77c8cC2239327C5EDb3A432268e5831",
    "des_out": 6,
    "status": "TRUE"
  },
  {
    "cex": "KUCOIN",
    "symbol_in": "XAI",
    "sc_in": "0x4cb9a7ae498cedcbb5eae9f25736ae7d428c9d66",
    "des_in": 18,
    "symbol_out": "USDC",
    "sc_out": "0xaf88d065e77c8cC2239327C5EDb3A432268e5831",
    "des_out": 6,
    "status": "TRUE"
  },
  {
    "cex": "MEXC",
    "symbol_in": "LAVA",
    "sc_in": "0x11e969e9B3f89cB16D686a03Cd8508C9fC0361AF",
    "des_in": 6,
    "symbol_out": "USDC",
    "sc_out": "0xaf88d065e77c8cC2239327C5EDb3A432268e5831",
    "des_out": 6,
    "status": "TRUE"
  },
  {
    "cex": "GATE",
    "symbol_in": "LAVA",
    "sc_in": "0x11e969e9b3f89cb16d686a03cd8508c9fc0361af",
    "des_in": 6,
    "symbol_out": "USDC",
    "sc_out": "0xaf88d065e77c8cC2239327C5EDb3A432268e5831",
    "des_out": 6,
    "status": "TRUE"
  },
  {
    "cex": "BYBIT",
    "symbol_in": "LAVA",
    "sc_in": "0x11e969e9B3f89cB16D686a03Cd8508C9fC0361AF",
    "des_in": 6,
    "symbol_out": "USDC",
    "sc_out": "0xaf88d065e77c8cC2239327C5EDb3A432268e5831",
    "des_out": 6,
    "status": "TRUE"
  },
  {
    "cex": "KUCOIN",
    "symbol_in": "LAVA",
    "sc_in": "0x11e969e9b3f89cb16d686a03cd8508c9fc0361af",
    "des_in": 6,
    "symbol_out": "USDC",
    "sc_out": "0xaf88d065e77c8cC2239327C5EDb3A432268e5831",
    "des_out": 6,
    "status": "TRUE"
  },
  {
    "cex": "MEXC",
    "symbol_in": "AUTONOMI",
    "sc_in": "0xa78d8321B20c4Ef90eCd72f2588AA985A4BDb684",
    "des_in": 18,
    "symbol_out": "USDC",
    "sc_out": "0xaf88d065e77c8cC2239327C5EDb3A432268e5831",
    "des_out": 6,
    "status": "TRUE"
  },
  {
    "cex": "BINANCE",
    "symbol_in": "WOO",
    "sc_in": "0xcafcd85d8ca7ad1e1c6f82f651fa15e33aefd07b",
    "des_in": 18,
    "symbol_out": "USDC",
    "sc_out": "0xaf88d065e77c8cC2239327C5EDb3A432268e5831",
    "des_out": 6,
    "status": "TRUE"
  },
  {
    "cex": "MEXC",
    "symbol_in": "KIMA",
    "sc_in": "0x94fCD9c18f99538C0f7C61c5500cA79F0D5C4dab",
    "des_in": 18,
    "symbol_out": "USDC",
    "sc_out": "0xaf88d065e77c8cC2239327C5EDb3A432268e5831",
    "des_out": 6,
    "status": "TRUE"
  },
  {
    "cex": "GATE",
    "symbol_in": "KIMA",
    "sc_in": "0x94fcd9c18f99538c0f7c61c5500ca79f0d5c4dab",
    "des_in": 18,
    "symbol_out": "USDC",
    "sc_out": "0xaf88d065e77c8cC2239327C5EDb3A432268e5831",
    "des_out": 6,
    "status": "TRUE"
  },
  {
    "cex": "KUCOIN",
    "symbol_in": "KIMA",
    "sc_in": "0x94fcd9c18f99538c0f7c61c5500ca79f0d5c4dab",
    "des_in": 18,
    "symbol_out": "USDC",
    "sc_out": "0xaf88d065e77c8cC2239327C5EDb3A432268e5831",
    "des_out": 6,
    "status": "TRUE"
  },
  {
    "cex": "BINANCE",
    "symbol_in": "MAV",
    "sc_in": "0x7448c7456a97769f6cd04f1e83a4a23ccdc46abd",
    "des_in": 18,
    "symbol_out": "USDC",
    "sc_out": "0xaf88d065e77c8cC2239327C5EDb3A432268e5831",
    "des_out": 6,
    "status": "TRUE"
  },
  {
    "cex": "KUCOIN",
    "symbol_in": "SQD",
    "sc_in": "0x1337420ded5adb9980cfc35f8f2b054ea86f8ab1",
    "des_in": 18,
    "symbol_out": "USDC",
    "sc_out": "0xaf88d065e77c8cC2239327C5EDb3A432268e5831",
    "des_out": 6,
    "status": "TRUE"
  },
  {
    "cex": "MEXC",
    "symbol_in": "SQD",
    "sc_in": "0x1337420dED5ADb9980CFc35f8f2B054ea86f8aB1",
    "des_in": 18,
    "symbol_out": "USDC",
    "sc_out": "0xaf88d065e77c8cC2239327C5EDb3A432268e5831",
    "des_out": 6,
    "status": "TRUE"
  },
  {
    "cex": "GATE",
    "symbol_in": "SQD",
    "sc_in": "0x1337420dED5ADb9980CFc35f8f2B054ea86f8aB1",
    "des_in": 18,
    "symbol_out": "USDC",
    "sc_out": "0xaf88d065e77c8cC2239327C5EDb3A432268e5831",
    "des_out": 6,
    "status": "TRUE"
  },
  {
    "cex": "BYBIT",
    "symbol_in": "SQD",
    "sc_in": "0x1337420dED5ADb9980CFc35f8f2B054ea86f8aB1",
    "des_in": 18,
    "symbol_out": "USDC",
    "sc_out": "0xaf88d065e77c8cC2239327C5EDb3A432268e5831",
    "des_out": 6,
    "status": "TRUE"
  },
  {
    "cex": "BINANCE",
    "symbol_in": "GRT",
    "sc_in": "0x9623063377ad1b27544c965ccd7342f7ea7e88c7",
    "des_in": 18,
    "symbol_out": "USDC",
    "sc_out": "0xaf88d065e77c8cC2239327C5EDb3A432268e5831",
    "des_out": 6,
    "status": "TRUE"
  },
  {
    "cex": "GATE",
    "symbol_in": "GRT",
    "sc_in": "0x9623063377AD1B27544C965cCd7342f7EA7e88C7",
    "des_in": 18,
    "symbol_out": "USDC",
    "sc_out": "0xaf88d065e77c8cC2239327C5EDb3A432268e5831",
    "des_out": 6,
    "status": "TRUE"
  },
  {
    "cex": "KUCOIN",
    "symbol_in": "GRT",
    "sc_in": "0x9623063377ad1b27544c965ccd7342f7ea7e88c7",
    "des_in": 18,
    "symbol_out": "USDC",
    "sc_out": "0xaf88d065e77c8cC2239327C5EDb3A432268e5831",
    "des_out": 6,
    "status": "TRUE"
  },
  {
    "cex": "BINANCE",
    "symbol_in": "HFT",
    "sc_in": "0x835bfe0ac8ea77f22e13795a49054ab2d6699982",
    "des_in": 18,
    "symbol_out": "USDC",
    "sc_out": "0xaf88d065e77c8cC2239327C5EDb3A432268e5831",
    "des_out": 6,
    "status": "TRUE"
  },
  {
    "cex": "MEXC",
    "symbol_in": "MOON",
    "sc_in": "0x0057Ac2d777797d31CD3f8f13bF5e927571D6Ad0",
    "des_in": 18,
    "symbol_out": "USDC",
    "sc_out": "0xaf88d065e77c8cC2239327C5EDb3A432268e5831",
    "des_out": 6,
    "status": "TRUE"
  },
  {
    "cex": "GATE",
    "symbol_in": "WXM",
    "sc_in": "0xB6093B61544572Ab42A0E43AF08aBaFD41bf25A6",
    "des_in": 18,
    "symbol_out": "USDC",
    "sc_out": "0xaf88d065e77c8cC2239327C5EDb3A432268e5831",
    "des_out": 6,
    "status": "TRUE"
  },
  {
    "cex": "GATE",
    "symbol_in": "AMC",
    "sc_in": "0x299142a6370e1912156E53fBD4f25D7ba49DdcC5",
    "des_in": 18,
    "symbol_out": "USDC",
    "sc_out": "0xaf88d065e77c8cC2239327C5EDb3A432268e5831",
    "des_out": 6,
    "status": "TRUE"
  },
  {
    "cex": "BINANCE",
    "symbol_in": "SYN",
    "sc_in": "0x080f6aed32fc474dd5717105dba5ea57268f46eb",
    "des_in": 18,
    "symbol_out": "USDC",
    "sc_out": "0xaf88d065e77c8cC2239327C5EDb3A432268e5831",
    "des_out": 6,
    "status": "TRUE"
  },
  {
    "cex": "MEXC",
    "symbol_in": "MLK",
    "sc_in": "0x374c5FB7979d5fDBAAd2d95409e235e5CBdfD43C",
    "des_in": 8,
    "symbol_out": "USDC",
    "sc_out": "0xaf88d065e77c8cC2239327C5EDb3A432268e5831",
    "des_out": 6,
    "status": "TRUE"
  },
  {
    "cex": "MEXC",
    "symbol_in": "ACX",
    "sc_in": "0x53691596d1BCe8CEa565b84d4915e69e03d9C99d",
    "des_in": 18,
    "symbol_out": "USDC",
    "sc_out": "0xaf88d065e77c8cC2239327C5EDb3A432268e5831",
    "des_out": 6,
    "status": "TRUE"
  },
  {
    "cex": "GATE",
    "symbol_in": "ACX",
    "sc_in": "0x53691596d1BCe8CEa565b84d4915e69e03d9C99d",
    "des_in": 18,
    "symbol_out": "USDC",
    "sc_out": "0xaf88d065e77c8cC2239327C5EDb3A432268e5831",
    "des_out": 6,
    "status": "TRUE"
  },
  {
    "cex": "KUCOIN",
    "symbol_in": "MLK",
    "sc_in": "0x374c5fb7979d5fdbaad2d95409e235e5cbdfd43c",
    "des_in": 8,
    "symbol_out": "USDC",
    "sc_out": "0xaf88d065e77c8cC2239327C5EDb3A432268e5831",
    "des_out": 6,
    "status": "TRUE"
  },
  {
    "cex": "GATE",
    "symbol_in": "MLK",
    "sc_in": "0x374c5fb7979d5fdbaad2d95409e235e5cbdfd43c",
    "des_in": 8,
    "symbol_out": "USDC",
    "sc_out": "0xaf88d065e77c8cC2239327C5EDb3A432268e5831",
    "des_out": 6,
    "status": "TRUE"
  },
  {
    "cex": "GATE",
    "symbol_in": "GO4",
    "sc_in": "0x85b7fa2a3cfe5ed48b619ec967750462a1fd9557",
    "des_in": 18,
    "symbol_out": "USDC",
    "sc_out": "0xaf88d065e77c8cC2239327C5EDb3A432268e5831",
    "des_out": 6,
    "status": "TRUE"
  },
  {
    "cex": "BINANCE",
    "symbol_in": "STG",
    "sc_in": "0x6694340fc020c5e6b96567843da2df01b2ce1eb6",
    "des_in": 18,
    "symbol_out": "USDC",
    "sc_out": "0xaf88d065e77c8cC2239327C5EDb3A432268e5831",
    "des_out": 6,
    "status": "TRUE"
  },
  {
    "cex": "BINANCE",
    "symbol_in": "JOE",
    "sc_in": "0x371c7ec6d8039ff7933a2aa28eb827ffe1f52f07",
    "des_in": 18,
    "symbol_out": "USDC",
    "sc_out": "0xaf88d065e77c8cC2239327C5EDb3A432268e5831",
    "des_out": 6,
    "status": "TRUE"
  },
  {
    "cex": "BINANCE",
    "symbol_in": "KERNEL",
    "sc_in": "0x6e401189c8a68d05562c9bab7f674f910821eacf",
    "des_in": 18,
    "symbol_out": "USDC",
    "sc_out": "0xaf88d065e77c8cC2239327C5EDb3A432268e5831",
    "des_out": 6,
    "status": "TRUE"
  },
  {
    "cex": "MEXC",
    "symbol_in": "KERNEL",
    "sc_in": "0x6E401189c8A68D05562c9Bab7f674f910821EAcF",
    "des_in": 18,
    "symbol_out": "USDC",
    "sc_out": "0xaf88d065e77c8cC2239327C5EDb3A432268e5831",
    "des_out": 6,
    "status": "TRUE"
  },
  {
    "cex": "BINANCE",
    "symbol_in": "DOLO",
    "sc_in": "0x0f81001ef0a83ecce5ccebf63eb302c70a39a654",
    "des_in": 18,
    "symbol_out": "USDC",
    "sc_out": "0xaf88d065e77c8cC2239327C5EDb3A432268e5831",
    "des_out": 6,
    "status": "TRUE"
  },
  {
    "cex": "BINANCE",
    "symbol_in": "MAGIC",
    "sc_in": "0x539bde0d7dbd336b79148aa742883198bbf60342",
    "des_in": 18,
    "symbol_out": "USDC",
    "sc_out": "0xaf88d065e77c8cC2239327C5EDb3A432268e5831",
    "des_out": 6,
    "status": "TRUE"
  },
  {
    "cex": "GATE",
    "symbol_in": "MAGIC",
    "sc_in": "0x539bdE0d7Dbd336b79148AA742883198BBF60342",
    "des_in": 18,
    "symbol_out": "USDC",
    "sc_out": "0xaf88d065e77c8cC2239327C5EDb3A432268e5831",
    "des_out": 6,
    "status": "TRUE"
  },
  {
    "cex": "MEXC",
    "symbol_in": "MAGIC",
    "sc_in": "0x539bdE0d7Dbd336b79148AA742883198BBF60342",
    "des_in": 18,
    "symbol_out": "USDC",
    "sc_out": "0xaf88d065e77c8cC2239327C5EDb3A432268e5831",
    "des_out": 6,
    "status": "TRUE"
  },
  {
    "cex": "BYBIT",
    "symbol_in": "MAGIC",
    "sc_in": "0x539bdE0d7Dbd336b79148AA742883198BBF60342",
    "des_in": 18,
    "symbol_out": "USDC",
    "sc_out": "0xaf88d065e77c8cC2239327C5EDb3A432268e5831",
    "des_out": 6,
    "status": "TRUE"
  },
  {
    "cex": "KUCOIN",
    "symbol_in": "MAGIC",
    "sc_in": "0x539bde0d7dbd336b79148aa742883198bbf60342",
    "des_in": 18,
    "symbol_out": "USDC",
    "sc_out": "0xaf88d065e77c8cC2239327C5EDb3A432268e5831",
    "des_out": 6,
    "status": "TRUE"
  },
  {
    "cex": "BYBIT",
    "symbol_in": "APEX",
    "sc_in": "0x61A1ff55C5216b636a294A07D77C6F4Df10d3B56",
    "des_in": 18,
    "symbol_out": "USDC",
    "sc_out": "0xaf88d065e77c8cC2239327C5EDb3A432268e5831",
    "des_out": 6,
    "status": "TRUE"
  },
  {
    "cex": "KUCOIN",
    "symbol_in": "PERP",
    "sc_in": "0x753d224bcf9aafacd81558c32341416df61d3dac",
    "des_in": 18,
    "symbol_out": "USDC",
    "sc_out": "0xaf88d065e77c8cC2239327C5EDb3A432268e5831",
    "des_out": 6,
    "status": "TRUE"
  },
  {
    "cex": "KUCOIN",
    "symbol_in": "CARV",
    "sc_in": "0xc08cd26474722ce93f4d0c34d16201461c10aa8c",
    "des_in": 18,
    "symbol_out": "USDC",
    "sc_out": "0xaf88d065e77c8cC2239327C5EDb3A432268e5831",
    "des_out": 6,
    "status": "TRUE"
  },
  {
    "cex": "BINANCE",
    "symbol_in": "AXL",
    "sc_in": "0x23ee2343b892b1bb63503a4fabc840e0e2c6810f",
    "des_in": 6,
    "symbol_out": "USDC",
    "sc_out": "0xaf88d065e77c8cC2239327C5EDb3A432268e5831",
    "des_out": 6,
    "status": "TRUE"
  },
  {
    "cex": "GATE",
    "symbol_in": "WAXL",
    "sc_in": "0x23ee2343B892b1BB63503a4FAbc840E0e2C6810f",
    "des_in": 6,
    "symbol_out": "USDC",
    "sc_out": "0xaf88d065e77c8cC2239327C5EDb3A432268e5831",
    "des_out": 6,
    "status": "TRUE"
  },
  {
    "cex": "BINANCE",
    "symbol_in": "HYPER",
    "sc_in": "0xc9d23ed2adb0f551369946bd377f8644ce1ca5c4",
    "des_in": 18,
    "symbol_out": "USDC",
    "sc_out": "0xaf88d065e77c8cC2239327C5EDb3A432268e5831",
    "des_out": 6,
    "status": "TRUE"
  },
  {
    "cex": "MEXC",
    "symbol_in": "UXLINK",
    "sc_in": "0x1A6B3A62391ECcaaa992ade44cd4AFe6bEC8CfF1",
    "des_in": 18,
    "symbol_out": "USDC",
    "sc_out": "0xaf88d065e77c8cC2239327C5EDb3A432268e5831",
    "des_out": 6,
    "status": "TRUE"
  },
  {
    "cex": "KUCOIN",
    "symbol_in": "UXLINK",
    "sc_in": "0x1a6b3a62391eccaaa992ade44cd4afe6bec8cff1",
    "des_in": 18,
    "symbol_out": "USDC",
    "sc_out": "0xaf88d065e77c8cC2239327C5EDb3A432268e5831",
    "des_out": 6,
    "status": "TRUE"
  },
  {
    "cex": "GATE",
    "symbol_in": "UXLINK",
    "sc_in": "0x1A6B3A62391ECcaaa992ade44cd4AFe6bEC8CfF1",
    "des_in": 18,
    "symbol_out": "USDC",
    "sc_out": "0xaf88d065e77c8cC2239327C5EDb3A432268e5831",
    "des_out": 6,
    "status": "TRUE"
  },
  {
    "cex": "BYBIT",
    "symbol_in": "UXLINK",
    "sc_in": "0x1A6B3A62391ECcaaa992ade44cd4AFe6bEC8CfF1",
    "des_in": 18,
    "symbol_out": "USDC",
    "sc_out": "0xaf88d065e77c8cC2239327C5EDb3A432268e5831",
    "des_out": 6,
    "status": "TRUE"
  },
  {
    "cex": "GATE",
    "symbol_in": "ARB",
    "sc_in": "0x912CE59144191C1204E64559FE8253a0e49E6548",
    "des_in": 18,
    "symbol_out": "USDC",
    "sc_out": "0xaf88d065e77c8cC2239327C5EDb3A432268e5831",
    "des_out": 6,
    "status": "TRUE"
  },
  {
    "cex": "KUCOIN",
    "symbol_in": "ARB",
    "sc_in": "0x912ce59144191c1204e64559fe8253a0e49e6548",
    "des_in": 18,
    "symbol_out": "USDC",
    "sc_out": "0xaf88d065e77c8cC2239327C5EDb3A432268e5831",
    "des_out": 6,
    "status": "TRUE"
  },
  {
    "cex": "BINANCE",
    "symbol_in": "ARB",
    "sc_in": "0x912ce59144191c1204e64559fe8253a0e49e6548",
    "des_in": 18,
    "symbol_out": "USDC",
    "sc_out": "0xaf88d065e77c8cC2239327C5EDb3A432268e5831",
    "des_out": 6,
    "status": "TRUE"
  },
  {
    "cex": "BYBIT",
    "symbol_in": "ARB",
    "sc_in": "0x912CE59144191C1204E64559FE8253a0e49E6548",
    "des_in": 18,
    "symbol_out": "USDC",
    "sc_out": "0xaf88d065e77c8cC2239327C5EDb3A432268e5831",
    "des_out": 6,
    "status": "TRUE"
  },
  {
    "cex": "MEXC",
    "symbol_in": "ARB",
    "sc_in": "0x912CE59144191C1204E64559FE8253a0e49E6548",
    "des_in": 18,
    "symbol_out": "USDC",
    "sc_out": "0xaf88d065e77c8cC2239327C5EDb3A432268e5831",
    "des_out": 6,
    "status": "TRUE"
  },
  {
    "cex": "MEXC",
    "symbol_in": "TRT",
    "sc_in": "0x63db244bC895b3AcCEC6698cE11b0dbD1d3e1C44",
    "des_in": 18,
    "symbol_out": "USDC",
    "sc_out": "0xaf88d065e77c8cC2239327C5EDb3A432268e5831",
    "des_out": 6,
    "status": "TRUE"
  },
  {
    "cex": "BYBIT",
    "symbol_in": "EGP 1.00",
    "sc_in": "0x7E7a7C916c19a45769f6BDAF91087f93c6C12F78",
    "des_in": 18,
    "symbol_out": "USDC",
    "sc_out": "0xaf88d065e77c8cC2239327C5EDb3A432268e5831",
    "des_out": 6,
    "status": "TRUE"
  },
  {
    "cex": "KUCOIN",
    "symbol_in": "EGP",
    "sc_in": "0x7e7a7c916c19a45769f6bdaf91087f93c6c12f78",
    "des_in": 18,
    "symbol_out": "USDC",
    "sc_out": "0xaf88d065e77c8cC2239327C5EDb3A432268e5831",
    "des_out": 6,
    "status": "TRUE"
  },
  {
    "cex": "GATE",
    "symbol_in": "EGP",
    "sc_in": "0x7E7a7C916c19a45769f6BDAF91087f93c6C12F78",
    "des_in": 18,
    "symbol_out": "USDC",
    "sc_out": "0xaf88d065e77c8cC2239327C5EDb3A432268e5831",
    "des_out": 6,
    "status": "TRUE"
  },
  {
    "cex": "BINANCE",
    "symbol_in": "CRV",
    "sc_in": "0x11cdb42b0eb46d95f990bedd4695a6e3fa034978",
    "des_in": 18,
    "symbol_out": "USDC",
    "sc_out": "0xaf88d065e77c8cC2239327C5EDb3A432268e5831",
    "des_out": 6,
    "status": "TRUE"
  },
  {
    "cex": "KUCOIN",
    "symbol_in": "USDC",
    "sc_in": "0xaf88d065e77c8cc2239327c5edb3a432268e5831",
    "des_in": 6,
    "symbol_out": "USDC",
    "sc_out": "0xaf88d065e77c8cC2239327C5EDb3A432268e5831",
    "des_out": 6,
    "status": "TRUE"
  },
  {
    "cex": "BINANCE",
    "symbol_in": "USDC",
    "sc_in": "0xaf88d065e77c8cc2239327c5edb3a432268e5831",
    "des_in": 6,
    "symbol_out": "USDC",
    "sc_out": "0xaf88d065e77c8cC2239327C5EDb3A432268e5831",
    "des_out": 6,
    "status": "TRUE"
  },
  {
    "cex": "MEXC",
    "symbol_in": "USDC",
    "sc_in": "0xaf88d065e77c8cC2239327C5EDb3A432268e5831",
    "des_in": 6,
    "symbol_out": "USDC",
    "sc_out": "0xaf88d065e77c8cC2239327C5EDb3A432268e5831",
    "des_out": 6,
    "status": "TRUE"
  },
  {
    "cex": "BYBIT",
    "symbol_in": "USDC",
    "sc_in": "0xaf88d065e77c8cC2239327C5EDb3A432268e5831",
    "des_in": 6,
    "symbol_out": "USDC",
    "sc_out": "0xaf88d065e77c8cC2239327C5EDb3A432268e5831",
    "des_out": 6,
    "status": "TRUE"
  },
  {
    "cex": "GATE",
    "symbol_in": "USDC",
    "sc_in": "0xaf88d065e77c8cc2239327c5edb3a432268e5831",
    "des_in": 6,
    "symbol_out": "USDC",
    "sc_out": "0xaf88d065e77c8cC2239327C5EDb3A432268e5831",
    "des_out": 6,
    "status": "TRUE"
  },
  {
    "cex": "BINANCE",
    "symbol_in": "ETHFI",
    "sc_in": "0x7189fb5b6504bbff6a852b13b7b82a3c118fdc27",
    "des_in": 18,
    "symbol_out": "USDC",
    "sc_out": "0xaf88d065e77c8cC2239327C5EDb3A432268e5831",
    "des_out": 6,
    "status": "TRUE"
  },
  {
    "cex": "BINANCE",
    "symbol_in": "ZRO",
    "sc_in": "0x6985884c4392d348587b19cb9eaaf157f13271cd",
    "des_in": 18,
    "symbol_out": "USDC",
    "sc_out": "0xaf88d065e77c8cC2239327C5EDb3A432268e5831",
    "des_out": 6,
    "status": "TRUE"
  },
  {
    "cex": "KUCOIN",
    "symbol_in": "ZRO",
    "sc_in": "0x6985884c4392d348587b19cb9eaaf157f13271cd",
    "des_in": 18,
    "symbol_out": "USDC",
    "sc_out": "0xaf88d065e77c8cC2239327C5EDb3A432268e5831",
    "des_out": 6,
    "status": "TRUE"
  },
  {
    "cex": "MEXC",
    "symbol_in": "ZRO",
    "sc_in": "0x6985884C4392D348587B19cb9eAAf157F13271cd",
    "des_in": 18,
    "symbol_out": "USDC",
    "sc_out": "0xaf88d065e77c8cC2239327C5EDb3A432268e5831",
    "des_out": 6,
    "status": "TRUE"
  },
  {
    "cex": "GATE",
    "symbol_in": "ZRO",
    "sc_in": "0x6985884C4392D348587B19cb9eAAf157F13271cd",
    "des_in": 18,
    "symbol_out": "USDC",
    "sc_out": "0xaf88d065e77c8cC2239327C5EDb3A432268e5831",
    "des_out": 6,
    "status": "TRUE"
  },
  {
    "cex": "BYBIT",
    "symbol_in": "ZRO",
    "sc_in": "0x6985884C4392D348587B19cb9eAAf157F13271cd",
    "des_in": 18,
    "symbol_out": "USDC",
    "sc_out": "0xaf88d065e77c8cC2239327C5EDb3A432268e5831",
    "des_out": 6,
    "status": "TRUE"
  },
  {
    "cex": "BINANCE",
    "symbol_in": "GNS",
    "sc_in": "0x18c11fd286c5ec11c3b683caa813b77f5163a122",
    "des_in": 18,
    "symbol_out": "USDC",
    "sc_out": "0xaf88d065e77c8cC2239327C5EDb3A432268e5831",
    "des_out": 6,
    "status": "TRUE"
  },
  {
    "cex": "MEXC",
    "symbol_in": "GNS",
    "sc_in": "0x18c11FD286C5EC11c3b683Caa813B77f5163A122",
    "des_in": 18,
    "symbol_out": "USDC",
    "sc_out": "0xaf88d065e77c8cC2239327C5EDb3A432268e5831",
    "des_out": 6,
    "status": "TRUE"
  },
  {
    "cex": "GATE",
    "symbol_in": "GNS",
    "sc_in": "0x18c11FD286C5EC11c3b683Caa813B77f5163A122",
    "des_in": 18,
    "symbol_out": "USDC",
    "sc_out": "0xaf88d065e77c8cC2239327C5EDb3A432268e5831",
    "des_out": 6,
    "status": "TRUE"
  },
  {
    "cex": "KUCOIN",
    "symbol_in": "GNS",
    "sc_in": "0x18c11fd286c5ec11c3b683caa813b77f5163a122",
    "des_in": 18,
    "symbol_out": "USDC",
    "sc_out": "0xaf88d065e77c8cC2239327C5EDb3A432268e5831",
    "des_out": 6,
    "status": "TRUE"
  },
  {
    "cex": "GATE",
    "symbol_in": "KINTO",
    "sc_in": "0x6ba19ee69d5dde3ab70185c801fa404f66fedb58",
    "des_in": 18,
    "symbol_out": "USDC",
    "sc_out": "0xaf88d065e77c8cC2239327C5EDb3A432268e5831",
    "des_out": 6,
    "status": "TRUE"
  },
  {
    "cex": "MEXC",
    "symbol_in": "KINTO",
    "sc_in": "0x6ba19ee69d5dde3ab70185c801fa404f66fedb58",
    "des_in": 18,
    "symbol_out": "USDC",
    "sc_out": "0xaf88d065e77c8cC2239327C5EDb3A432268e5831",
    "des_out": 6,
    "status": "TRUE"
  },
  {
    "cex": "MEXC",
    "symbol_in": "NST",
    "sc_in": "0x88a269Df8fe7F53E590c561954C52FCCC8EC0cFB",
    "des_in": 18,
    "symbol_out": "USDC",
    "sc_out": "0xaf88d065e77c8cC2239327C5EDb3A432268e5831",
    "des_out": 6,
    "status": "TRUE"
  },
  {
    "cex": "BINANCE",
    "symbol_in": "PENDLE",
    "sc_in": "0x0c880f6761f1af8d9aa9c466984b80dab9a8c9e8",
    "des_in": 18,
    "symbol_out": "USDC",
    "sc_out": "0xaf88d065e77c8cC2239327C5EDb3A432268e5831",
    "des_out": 6,
    "status": "TRUE"
  },
  {
    "cex": "KUCOIN",
    "symbol_in": "PENDLE",
    "sc_in": "0x0c880f6761f1af8d9aa9c466984b80dab9a8c9e8",
    "des_in": 18,
    "symbol_out": "USDC",
    "sc_out": "0xaf88d065e77c8cC2239327C5EDb3A432268e5831",
    "des_out": 6,
    "status": "TRUE"
  },
  {
    "cex": "BINANCE",
    "symbol_in": "LPT",
    "sc_in": "0x289ba1701c2f088cf0faf8b3705246331cb8a839",
    "des_in": 18,
    "symbol_out": "USDC",
    "sc_out": "0xaf88d065e77c8cC2239327C5EDb3A432268e5831",
    "des_out": 6,
    "status": "TRUE"
  },
  {
    "cex": "MEXC",
    "symbol_in": "DMT",
    "sc_in": "0x8B0E6f19Ee57089F7649A455D89D7bC6314D04e8",
    "des_in": 18,
    "symbol_out": "USDC",
    "sc_out": "0xaf88d065e77c8cC2239327C5EDb3A432268e5831",
    "des_out": 6,
    "status": "TRUE"
  },
  {
    "cex": "GATE",
    "symbol_in": "GMX",
    "sc_in": "0xfc5a1a6eb076a2c7ad06ed22c90d7e710e35ad0a",
    "des_in": 18,
    "symbol_out": "USDC",
    "sc_out": "0xaf88d065e77c8cC2239327C5EDb3A432268e5831",
    "des_out": 6,
    "status": "TRUE"
  },
  {
    "cex": "BINANCE",
    "symbol_in": "GMX",
    "sc_in": "0xfc5a1a6eb076a2c7ad06ed22c90d7e710e35ad0a",
    "des_in": 18,
    "symbol_out": "USDC",
    "sc_out": "0xaf88d065e77c8cC2239327C5EDb3A432268e5831",
    "des_out": 6,
    "status": "TRUE"
  },
  {
    "cex": "MEXC",
    "symbol_in": "GMX",
    "sc_in": "0xfc5A1A6EB076a2C7aD06eD22C90d7E710E35ad0a",
    "des_in": 18,
    "symbol_out": "USDC",
    "sc_out": "0xaf88d065e77c8cC2239327C5EDb3A432268e5831",
    "des_out": 6,
    "status": "TRUE"
  },
  {
    "cex": "BYBIT",
    "symbol_in": "GMX",
    "sc_in": "0xfc5a1a6eb076a2c7ad06ed22c90d7e710e35ad0a",
    "des_in": 18,
    "symbol_out": "USDC",
    "sc_out": "0xaf88d065e77c8cC2239327C5EDb3A432268e5831",
    "des_out": 6,
    "status": "TRUE"
  },
  {
    "cex": "KUCOIN",
    "symbol_in": "GMX",
    "sc_in": "0xfc5a1a6eb076a2c7ad06ed22c90d7e710e35ad0a",
    "des_in": 18,
    "symbol_out": "USDC",
    "sc_out": "0xaf88d065e77c8cC2239327C5EDb3A432268e5831",
    "des_out": 6,
    "status": "TRUE"
  },
  {
    "cex": "KUCOIN",
    "symbol_in": "GRAIL",
    "sc_in": "0x3d9907f9a368ad0a51be60f7da3b97cf940982d8",
    "des_in": 18,
    "symbol_out": "USDC",
    "sc_out": "0xaf88d065e77c8cC2239327C5EDb3A432268e5831",
    "des_out": 6,
    "status": "TRUE"
  },
  {
    "cex": "MEXC",
    "symbol_in": "GRAIL",
    "sc_in": "0x3d9907F9a368ad0a51Be60f7Da3b97cf940982D8",
    "des_in": 18,
    "symbol_out": "USDC",
    "sc_out": "0xaf88d065e77c8cC2239327C5EDb3A432268e5831",
    "des_out": 6,
    "status": "TRUE"
  },
  {
    "cex": "GATE",
    "symbol_in": "GRAIL",
    "sc_in": "0x3d9907F9a368ad0a51Be60f7Da3b97cf940982D8",
    "des_in": 18,
    "symbol_out": "USDC",
    "sc_out": "0xaf88d065e77c8cC2239327C5EDb3A432268e5831",
    "des_out": 6,
    "status": "TRUE"
  },
  {
    "cex": "KUCOIN",
    "symbol_in": "AAVE",
    "sc_in": "0xf329e36c7bf6e5e86ce2150875a84ce77f477375",
    "des_in": 18,
    "symbol_out": "USDC",
    "sc_out": "0xaf88d065e77c8cC2239327C5EDb3A432268e5831",
    "des_out": 6,
    "status": "TRUE"
  },
  {
    "cex": "KUCOIN",
    "symbol_in": "YFI",
    "sc_in": "0x82e3a8f066a6989666b031d916c43672085b1582",
    "des_in": 18,
    "symbol_out": "USDC",
    "sc_out": "0xaf88d065e77c8cC2239327C5EDb3A432268e5831",
    "des_out": 6,
    "status": "TRUE"
  },
  {
    "cex": "KUCOIN",
    "symbol_in": "BTC",
    "sc_in": "0x2f2a2543b76a4166549f7aab2e75bef0aefc5b0f",
    "des_in": 8,
    "symbol_out": "USDC",
    "sc_out": "0xaf88d065e77c8cC2239327C5EDb3A432268e5831",
    "des_out": 6,
    "status": "TRUE"
  }
]